,user_id,email,registration_date,transaction_count,total_amount,card_payments_count,paypal_payments_count,usd_payments_count,eur_payments_count
0,148, lalexander@.COM,2023-02-05 23:27:11.918822,5,538.461990630318,1,2,3,0
1,833,andrewsjeremy@example.com,2023-11-10 10:31:05.290084,10,948.9048820194465,4,2,5,5
2,471,bhopkins@patel.com ,2024-03-04 19:37:29.887001,9,1327.5126443697309,2,2,7,1
3,496,bartonkenneth@example.org,2023-08-04 16:17:44.857406,3,302.34674078437865,0,1,0,2
4,463,noahwhitaker@example.com,2023-05-17 02:25:51.882227,2,292.6866406890772,0,0,1,0
5,243,farrelldebra@LE.COM,2024-12-20 06:57:27.323104,2,151.23428355557667,0,0,0,1
6,540,heather86@example.com,2024-08-11 06:32:49.230664,12,1179.4358670146592,0,5,8,3
7,737,jason29@burns.com ,2024-05-18 17:29:27.716125,3,352.6068100386785,1,0,2,0
8,392,ufox@example.org,2024-11-21 23:16:10.694412,3,432.44112224971315,1,1,2,1
9,623,martinsteven@example.com,2023-04-25 23:17:06.257440,3,226.96292658301923,0,0,2,0
10,858,josemercado@example.org,2023-03-29 09:05:47.204398,8,847.2402957951563,2,3,5,3
11,897,mitchellpeters@example.com,2023-01-15 13:26:34.648903,5,473.0610034988067,0,1,4,1
12,516,marie16,2024-08-12 23:02:39.295162,4,255.19834013792047,0,1,4,0
13,31,davidalvarez@example.net,2023-07-12 20:27:26.267955,4,407.7660028018571,2,1,3,0
14,251,xbruce@example.net,2024-11-13 13:47:20.084805,5,485.0344523845377,1,1,3,2
15,451,harttammy@example.net,2024-08-31 17:23:47.848546,7,625.7362739154655,2,3,5,0
16,137,jenniferfreeman@vaughn.info ,2024-08-25 19:12:06.805920,8,805.5899298821697,1,1,2,5
17,580,bbell@example.com,2023-08-15 17:33:54.475704,5,549.2422267677597,1,3,3,2
18,85,SNGUYEN@spencer-lee.biz,2024-03-26 07:52:37.208143,4,605.4209170493675,1,1,2,0
19,808,juliahoffman@example.org,2023-12-24 15:28:10.749748,3,235.01632032045737,1,1,2,1
20,883,GARY57@garza.com,2024-04-20 01:16:44.782074,6,428.7068579543891,1,3,5,1
21,65,ccalderon@cook.com ,2024-04-17 09:31:13.869503,5,371.84014718797897,4,0,1,3
22,458, jherman@rowe-james.net ,2024-09-10 01:07:57.628993,4,376.04709090738646,0,2,0,3
23,879,johnsjessica@example.com,2024-04-16 15:07:07.861726,2,190.69662004071915,1,0,0,1
24,588,matthewsalexander@example.org,2024-01-07 04:10:40.593572,6,619.5607839557099,1,2,4,1
25,255,reesejason@example.com,2023-09-07 13:26:54.795320,2,198.96440946023347,0,1,2,0
26,53,@larson.com,2024-12-08 14:00:41.661717,5,562.676898112161,1,2,2,2
27,898,becky62@example.net,2024-11-14 05:05:09.935841,4,392.5510252540718,2,2,2,2
28,804,gonzalezkaren@example.org,2024-12-21 11:23:06.420895,7,671.6744914200045,4,1,5,1
29,799,megan85@DOYLE.COM,2023-06-28 20:03:09.430802,4,531.738579897763,1,0,1,2
30,481,@miller.com,2023-04-15 04:15:28.891695,7,1100.1885667129302,3,1,2,4
31,970, laurakelley@.COM,2024-11-15 04:59:42.333068,3,293.30195461782785,0,3,3,0
32,472,morenojoshua@example.com,2024-11-17 07:43:22.499384,2,75.5701704323136,0,1,0,2
33,853,ujackson@example.org,2023-07-28 20:34:39.265545,5,618.888174283293,0,2,2,3
34,296,ericphillips@example.org,2025-01-03 05:21:04.873740,7,634.4443056600234,1,3,4,3
35,322, ingramjill@.COM,2023-07-20 19:58:23.053705,3,340.14215890702434,1,2,1,2
36,918,ewilson@example.com,2024-03-11 22:41:51.062363,2,158.99422530650477,1,0,1,1
37,78,michael86@example.net,2023-08-25 02:36:43.024693,1,67.9426682773567,0,0,1,0
38,513, nicholas65@frederick.org ,2024-04-07 18:44:36.051908,2,238.28860243384085,1,0,2,0
39,857,wilkinsonmichele@example.org,2023-01-17 06:27:58.277933,4,336.5669687329797,2,1,3,1
40,613,cynthia05@example.org,2023-08-23 03:43:45.222682,8,745.7014794293834,0,2,3,4
41,633,flamb@.martinez-dunlap.com,2023-08-01 19:34:44.800550,2,266.3960221521658,0,1,1,1
42,362,georgeweber@.morgan.com,2024-01-25 13:33:19.456175,4,521.5812595158966,2,2,2,2
43,673,BROOKE97@johnson.biz,2024-05-31 22:46:24.798476,3,181.1275895098078,0,2,2,1
44,974,justin84@example.com,2023-04-21 23:46:16.333853,8,645.5041227484396,4,2,2,6
45,321,cooperjessica@example.net,2024-03-28 22:26:00.428999,3,234.70920768062518,0,1,2,1
46,961, imcdonald@.COM,2023-03-01 22:44:48.376935,1,98.66243772129309,1,0,0,0
47,593,collinssamuel@example.org,2024-07-26 09:44:30.483898,3,309.1961856486295,0,3,1,0
48,597,alexandra42@example.com,2024-11-22 02:26:58.785092,3,398.4636339455636,1,0,1,1
49,876,cjohnson@berry.com ,2024-07-22 15:11:02.889784,5,558.7485701005536,1,1,3,1
50,375,brandon47@example.net,2024-04-11 13:41:36.797458,7,665.1195952570373,0,1,1,4
51,976,jackie73@example.com,2023-06-15 10:06:47.139176,3,451.46486728613434,0,1,2,1
52,744,stephen89@example.net,2024-12-24 15:35:31.473544,4,477.17924239317745,2,1,1,1
53,155,lynchjody@example.org,2023-10-20 21:17:48.570946,5,363.93712800335544,1,3,1,3
54,683,seanbaker@example.com,2024-07-20 20:38:52.289748,4,529.2685711458524,0,0,2,2
55,950,kwelch@example.com,2023-07-10 22:49:35.062822,6,592.6124098419564,2,2,4,2
56,108,gateskathy@example.com,2024-02-17 06:39:18.480085,4,461.2827823430658,1,1,1,3
57,796,mbarnes@example.net,2024-03-23 12:33:14.347993,7,606.3964772874201,2,0,3,2
58,211,bergerdebbie@example.com,2023-12-01 15:43:45.336759,6,591.1893844533694,2,0,2,3
59,193,vsantos@example.net,2024-12-30 04:27:40.825824,6,666.2888841706953,1,2,4,1
60,368,catherine55@example.net,2023-02-06 21:04:52.727395,4,374.69286786914284,0,2,4,0
61,530,byrdfrank,2024-05-21 21:12:34.843368,8,972.4430141526248,1,5,3,4
62,642,paul20@example.com,2023-03-25 06:31:32.627597,1,92.12893331132945,0,0,0,1
63,115, shawnrogers@.COM,2024-03-07 03:32:24.872984,3,263.7621258281607,0,2,1,1
64,772,qwilliams@edwards.org ,2024-09-11 11:17:18.509771,7,761.9754895803102,1,3,3,4
65,126,@garcia.org,2024-05-24 15:06:58.101450,4,501.0373185200152,1,0,1,3
66,101,juliawells,2023-06-17 23:28:37.247411,4,355.7873137490401,1,3,2,0
67,756,DANIEL17@lynch.net,2024-08-28 10:31:06.385919,5,515.2664953082822,1,2,3,1
68,81,cruzbarbara@example.com,2023-10-05 10:16:26.039943,2,23.67892051514489,1,1,1,1
69,847, yorksarah@.COM,2024-08-19 18:38:18.141725,3,221.642868241999,0,1,0,2
70,385,thomas05@example.com,2024-01-19 12:43:46.546922,3,453.17652455917334,2,0,3,0
71,874,guerrerorobert@CORTEZ-OLSON.INFO,2024-01-04 04:11:34.603747,1,161.21908350587807,0,1,0,0
72,830,elucas,2024-01-16 09:13:45.863077,7,522.010183594461,3,2,5,0
73,939,mchase@example.org,2024-04-17 00:01:43.306192,4,419.97349146222507,0,1,4,0
74,28,natasha43@example.org,2024-05-01 11:49:31.912973,3,378.89709994606835,0,1,3,0
75,436,@haney.net,2023-12-07 22:10:07.542867,3,163.03542302106092,0,2,1,1
76,210,DANAOLIVER@campos.com,2023-03-29 04:20:17.452282,6,267.28906796559386,1,1,2,4
77,183,sarah84@example.org,2023-03-13 08:11:46.315897,4,412.8241911875023,0,1,3,1
78,596,jacquelinemartin,2024-08-29 10:48:13.333576,8,628.7784400194535,3,2,7,0
79,762,stephenmadden@example.com,2023-10-21 21:35:19.806367,3,261.9460621403011,2,1,0,3
80,497,millereric@BOWERS.COM,2024-03-26 15:26:14.052110,2,121.5694883832208,1,0,1,0
81,842,WILLIAMSASHLEY@medina-arroyo.com,2023-02-20 18:12:45.275089,3,196.31055318191125,0,2,2,1
82,787,jacqueline02@example.com,2024-08-05 04:34:49.031745,8,903.1404472785389,2,2,5,3
83,406, justin01@andrews.com ,2024-06-14 15:39:59.758465,4,355.34313099948923,0,1,2,1
84,300,tarabishop@example.net,2024-11-06 19:50:07.148982,3,374.0799486817894,0,2,1,2
85,412,TWONG@smith.com,2023-10-14 11:06:04.741011,6,695.465653399078,0,3,5,0
86,784,xclements@VELASQUEZ.COM,2024-04-20 00:57:36.259927,2,202.8696360905369,0,1,2,0
87,988,@mcpherson.biz,2024-11-18 08:30:38.899071,9,818.9774656512649,0,7,4,5
88,587,@vega.com,2023-12-25 11:17:06.799875,3,262.05212256854486,1,2,1,1
89,731,kennedyjames,2023-04-24 01:47:03.524663,3,321.2698693404151,1,1,2,1
90,688,fostermelissa@shaw.org ,2024-08-10 21:50:26.419863,6,491.0040642466724,0,3,4,1
91,76,ybailey@WALKER.COM,2023-11-26 12:08:33.186846,7,828.8221325806251,2,3,2,5
92,667,wmacias@example.net,2023-06-25 03:25:03.266043,3,309.5988271996079,1,0,1,1
93,914,hansenwesley@example.com,2023-10-19 14:59:09.112338,4,324.3700063515425,0,2,3,0
94,723,vsullivan@example.org,2024-01-02 23:12:39.944947,2,216.62318210351788,0,0,2,0
95,577,caseyelliott@example.net,2023-12-03 00:04:14.480644,1,109.36477749116092,0,1,1,0
96,26,meagan89@example.org,2024-02-28 00:10:38.319589,3,235.00997415121134,0,1,2,0
97,626,DAVISLINDSEY@mckenzie-terry.com,2024-04-05 22:38:16.459491,3,485.4281529699638,0,1,1,1
98,501,@george.com,2023-09-22 09:03:10.142267,3,394.1698257308009,0,1,3,0
99,332, sandra84@.COM,2024-06-10 00:14:36.297019,5,373.5169903127428,2,2,2,3
100,27,nathanielmartin@.sellers.com,2024-09-08 19:04:03.756092,2,187.0197961684517,1,1,1,1
101,384,william88@example.com,2023-02-15 17:45:06.528755,6,450.39999197228093,1,2,5,1
102,831,andrewlove@example.org,2023-12-15 15:49:22.441377,3,288.05096402406866,1,1,2,1
103,908,john02@example.org,2024-11-07 12:08:16.097975,3,342.22771531225123,0,0,1,2
104,44,ramosmichelle@garcia.com ,2023-11-06 17:45:27.812532,7,722.1820043022434,2,2,3,4
105,159,antonio44@example.net,2023-06-18 02:57:52.073937,3,117.25199689551685,1,2,1,2
106,811,christinenorman,2024-06-24 02:08:48.830124,4,355.5883838031873,2,1,3,1
107,606,david02@example.org,2024-05-22 18:32:15.038269,7,727.7713326257934,2,2,2,3
108,271,jeffrey21@example.net,2023-07-30 13:41:23.367515,4,368.8646200275035,1,1,3,1
109,844,@gutierrez.net,2023-05-10 09:40:54.939755,6,461.3201264297091,2,1,3,0
110,192,qharrington@example.com,2024-04-01 00:45:23.479316,4,250.03546492314388,0,1,4,0
111,916,heather69@.carrillo-todd.info,2024-07-07 02:10:05.284782,3,367.1555946649296,0,1,1,1
112,743,reyesbrianna@brown.com ,2023-11-20 10:53:29.447624,2,165.81954610875707,0,1,2,0
113,806,james80@example.com,2024-06-04 19:07:41.612826,5,442.56594374095175,1,1,3,1
114,253,anthony44@example.com,2023-07-06 14:37:33.885116,4,431.20920034609935,1,1,1,3
115,460,robin55@example.com,2024-11-09 05:12:30.883463,3,232.85366578989095,2,1,0,2
116,103,joshuajones@YOUNG-ROGERS.NET,2023-01-22 17:55:25.899851,2,353.89823124289546,0,1,1,0
117,329,benjamin34@example.com,2023-12-21 01:01:37.869897,3,234.9512889804647,2,0,3,0
118,236,alvarezkimberly@example.net,2024-05-03 02:01:43.429312,3,326.63355987045827,1,1,1,2
119,984,gonzalezjill@example.org,2023-11-28 14:27:21.424588,5,468.51344938865293,1,2,4,1
120,973,zacharymarsh,2024-01-01 07:58:41.276383,5,439.6443574097345,2,2,2,1
121,350, angela57@.COM,2023-12-30 18:54:34.406764,3,352.9448418595592,0,1,1,2
122,12,mitchellclark@example.com,2024-01-05 08:15:31.951116,6,533.2407759927177,1,2,3,0
123,336,wwilliams@example.net,2023-04-17 08:16:22.351151,4,361.8668652755831,0,2,0,2
124,223,torrestravis@example.org,2024-03-07 18:25:43.166493,3,378.3038617412865,1,2,1,2
125,738,zschultz@example.com,2023-08-26 03:54:18.163135,5,502.14341406269,2,1,2,3
126,860,REBECCAARNOLD@shannon.com,2024-03-14 04:05:44.244339,3,445.31110979661355,1,0,0,1
127,602,perezwilliam@TREVINO.COM,2024-06-11 05:18:54.996210,4,416.09741113042384,1,2,4,0
128,388,rhernandez@example.org,2023-12-02 20:25:11.618690,7,681.3961484346926,2,2,4,3
129,417, marshallerik@shaw.com ,2023-10-11 22:05:06.822007,2,112.48794464821599,0,0,1,0
130,548,kimberlycunningham@DUNN-WILSON.COM,2023-11-05 06:41:32.198283,2,278.90457959136626,1,1,0,1
131,926,waustin@example.net,2023-01-15 15:10:03.179712,5,372.50874613486303,0,1,0,5
132,409, nancy04@.COM,2023-12-01 04:06:11.472847,4,231.62764490695753,0,2,2,2
133,91,@collins.com,2024-12-09 08:40:59.415059,3,329.9299934969283,1,2,0,3
134,578,scottbowen@goodman.info ,2024-12-01 09:09:03.101107,2,241.50818762164,0,0,1,1
135,663,toni21@example.net,2023-12-05 16:32:55.804068,5,493.24816180838366,2,1,2,3
136,822,KELLY98@barajas-colon.com,2023-03-04 22:21:37.969960,8,662.9149422467609,2,5,3,4
137,333,acostachristian@CARNEY.COM,2023-10-07 01:32:33.192387,4,385.7628415202104,0,2,4,0
138,707,joshuacolon@example.net,2024-05-04 22:03:57.124377,1,67.17850181929373,0,0,0,1
139,875,kclark@example.net,2025-01-01 16:31:52.349909,3,297.65173056993706,1,2,1,1
140,601,kvillarreal@.moore-ayala.org,2023-12-08 10:53:32.320974,7,716.7991510675349,2,1,4,1
141,222,debra12@example.org,2023-01-20 07:50:39.872344,2,201.5145952719247,1,0,2,0
142,285,benjaminzimmerman@example.com,2023-09-04 10:19:40.115177,3,253.98247954095123,0,0,2,1
143,22,maldonadoamanda@example.com,2024-10-05 23:07:18.960034,9,775.4335796019845,3,4,7,2
144,604,sarahmathews@PRATT.COM,2023-01-09 21:31:05.116832,3,102.03385034064374,1,0,1,2
145,727,walkerjeffrey@example.com,2024-10-16 00:30:33.145248,5,180.86593799817734,2,1,2,2
146,685,barnettlindsey@example.com,2023-04-09 22:52:34.777575,9,1019.4818476934838,0,6,1,6
147,128,amanda51@HOLLAND.INFO,2024-10-30 22:02:55.956293,4,404.2989156867299,1,1,2,1
148,372, kwright@peck-griffith.com ,2024-06-26 22:06:53.357161,2,223.84235357041916,0,1,0,1
149,330, glennmartin@lloyd.biz ,2024-01-08 19:58:45.784966,3,190.6148514007831,0,2,2,1
150,995,norrismichael@.king.info,2024-11-23 11:32:08.202800,1,39.509390147104405,0,0,0,0
151,209,lozanojulie@parsons-hall.com ,2024-05-27 16:45:02.510313,1,106.46838355054062,0,0,0,1
152,625,qparker,2023-01-18 00:56:21.412142,3,319.8771858543526,0,1,0,3
153,122,stricklandfrank@example.com,2024-06-18 10:55:56.314435,5,317.6090439416323,0,3,3,2
154,230,williamsmatthew@example.org,2023-02-14 16:07:51.354681,3,316.76785488262055,0,2,1,2
155,686,angelarandall@example.net,2023-03-23 02:01:26.173232,2,278.0474687744928,0,2,2,0
156,493, kristen77@.COM,2024-05-23 22:37:19.508286,3,95.90700190028582,0,1,0,2
157,319,carlos88,2023-05-21 20:21:09.838657,2,210.15815004817688,0,0,0,1
158,758,arivera@example.org,2024-09-27 00:26:58.412565,8,798.331270914954,4,2,3,1
159,924, moniqueclark@conley.com ,2024-05-12 08:42:18.336248,5,525.4511291403072,0,1,2,3
160,190,molly71@example.net,2023-08-17 13:24:12.799691,6,554.1032678081123,3,0,5,1
161,93,operry@example.net,2023-10-23 23:04:01.046649,9,1024.4293626261815,3,2,5,2
162,233, ramireztracey@fernandez.com ,2023-10-17 19:00:21.618077,5,639.4274918645307,0,1,3,2
163,157,andreamoore,2024-03-16 15:02:15.891586,1,24.734896949582833,0,1,0,0
164,225,ELLEN86@newton.com,2023-02-07 15:46:17.462821,3,424.9160904364895,0,2,0,3
165,232, brendali@murphy.org ,2023-01-12 23:34:35.736185,2,150.29509384489958,1,1,1,1
166,599,wiseanthony@NELSON-BROWN.ORG,2023-04-13 20:11:57.537455,5,717.8688274595072,1,1,2,3
167,476,laura15,2023-10-10 16:50:55.156303,6,713.252225596962,1,3,3,1
168,725,megan82@DAVIS-ANDERSON.COM,2023-03-14 00:38:49.265563,4,388.80951631683286,0,2,3,1
169,855,wford,2023-07-31 03:19:51.130343,6,611.9385993240974,1,2,4,1
170,360,david49@example.net,2024-07-02 06:03:21.159010,5,543.630780390743,0,1,2,2
171,246, fjones@reynolds.com ,2024-10-01 01:18:34.405252,4,369.6134857893566,2,1,1,3
172,861,philip94@example.org,2023-04-27 07:06:10.308625,4,386.9195182057132,2,1,1,2
173,367, nwashington@.COM,2024-09-02 00:12:35.894794,6,611.7887362692119,2,3,1,3
174,519,sferguson@example.com,2023-09-07 17:21:05.261810,5,433.14174422818564,1,1,2,3
175,654,brookssheri@example.com,2024-05-10 22:50:28.713097,3,222.98825376782048,0,2,1,2
176,111, vjohnson@shelton.info ,2023-02-03 11:02:25.918721,9,826.1162532721601,4,0,4,3
177,224,paigetaylor@example.com,2024-05-05 14:07:34.434001,3,350.3418553432143,0,1,1,2
178,47, kbarrera@smith-myers.info ,2024-08-30 13:10:44.290146,3,352.25389418721034,1,2,2,1
179,556,stephanie81@example.org,2024-05-21 15:12:19.217602,5,577.3011266455983,0,2,0,2
180,140,@pierce.com,2024-10-03 06:08:43.804967,4,478.4930477388897,1,2,2,0
181,177,samuel71@example.org,2024-06-27 06:50:23.202554,6,447.5996558080305,1,3,3,2
182,416,kevin90@.valdez-schwartz.com,2023-10-10 12:16:40.200656,4,345.55324398738804,0,0,2,2
183,827,simsjason@example.net,2023-09-14 20:21:08.644263,2,170.02289752657367,0,1,1,1
184,711,mercedesholland@example.net,2023-12-28 08:50:05.223615,2,336.70417167060987,1,1,0,2
185,132,lpetersen@MORRIS-SANCHEZ.COM,2024-03-02 20:35:41.921420,4,219.40112026188345,2,1,2,2
186,665,heatherbell@LE.BIZ,2024-06-08 16:37:48.449808,4,118.07284547798152,1,2,3,0
187,444,williamroberts@example.net,2023-11-02 12:02:33.735585,4,466.17505910544975,2,1,2,2
188,671,george62@example.net,2024-11-03 17:19:02.705320,2,321.9506429993967,0,1,0,2
189,152,christopher31@.duran.com,2023-06-17 04:22:33.310699,1,197.20538517627475,0,0,1,0
190,618,vargasbryan@example.net,2023-05-27 13:05:00.835097,8,656.7322380532295,1,4,5,2
191,696,mikayla56@reyes-washington.org ,2024-02-11 03:50:41.959466,4,367.1308571288174,2,1,3,0
192,305,moniquewilliams@example.com,2023-08-26 21:26:03.552687,4,448.15434036681313,1,0,0,3
193,353,khammond@example.org,2023-07-06 03:57:42.030270,1,157.35306889202153,0,1,1,0
194,355,wfrazier@example.org,2023-02-06 10:44:38.439240,8,687.2798284384298,0,6,6,1
195,882,laurahoover@example.org,2023-09-15 23:10:03.758225,3,405.88057012976816,1,1,3,0
196,185,cgrimes@example.net,2023-11-12 06:46:34.948267,5,245.7523658546454,1,2,4,1
197,694,jrodriguez@example.org,2023-11-04 21:43:51.136922,6,516.2197497321695,3,3,5,1
198,747,@walker.com,2023-01-12 19:48:31.209622,2,125.01323832279053,0,2,1,1
199,906, mgonzales@galvan.org ,2024-12-05 08:49:07.392848,5,571.9777423271903,2,0,4,1
200,386,whitneybrandy@.wiggins.com,2023-04-20 19:08:33.196852,3,230.67153547672908,1,2,2,0
201,955,clarkrandy@example.org,2023-07-27 18:53:23.211503,4,357.55755387188896,0,1,3,1
202,325, zwelch@.COM,2023-06-25 11:58:42.875497,3,194.96071130849032,0,3,2,1
203,291,tammy62@example.net,2024-09-27 23:56:19.226679,3,234.43487472602814,2,1,2,1
204,435,desireebailey,2023-07-10 18:53:09.441005,5,410.7856280252115,1,1,3,2
205,774,reynoldsjessica@example.com,2025-01-04 12:23:11.041772,2,179.71172064153546,0,1,2,0
206,935,amyyoung@example.com,2024-11-22 10:53:35.559349,6,476.32702339254575,0,3,2,2
207,660,xrosales@example.net,2024-08-22 15:58:46.947741,7,709.2904159304195,3,2,5,2
208,912,sylvia43@example.net,2023-03-19 16:24:26.333478,5,433.81145143524657,1,2,2,2
209,603,ruizpatrick@example.org,2024-01-23 10:57:55.530220,3,354.9938809813467,0,1,1,2
210,581, johnnewman@.COM,2023-03-29 21:03:02.259743,1,121.75391690929298,1,0,0,0
211,748,lawrencegary@DAWSON-CONNER.BIZ,2024-12-27 10:56:12.092206,3,214.29465745401117,1,0,1,0
212,704,xmalone@.robertson.com,2024-08-04 00:30:03.090498,5,542.9116410396688,0,3,2,2
213,146,joshuamccann@CARTER.INFO,2023-10-13 07:02:37.178245,2,147.00505227394711,1,0,1,0
214,259,ctucker@NELSON-FISCHER.COM,2023-09-20 23:02:13.464103,2,83.80014825204465,2,0,0,1
215,797,@hill.com,2024-03-04 01:36:22.386578,4,360.67320314106985,1,0,2,1
216,512,kelly79@example.org,2023-01-24 09:59:27.073533,2,210.02948081296708,0,1,2,0
217,896,jarnold@example.com,2024-10-03 14:45:26.513775,1,72.28310163433345,0,1,1,0
218,1,johnsonjoshua@example.org,2023-10-10 18:40:32.720932,5,461.12375368352673,0,1,2,2
219,206,yrodriguez@example.net,2024-10-02 12:00:54.220479,6,748.758852686637,3,1,4,2
220,297,stanleynancy@example.net,2024-12-19 16:19:05.628747,2,204.01071734301428,0,1,1,1
221,363,williamsdarlene@example.net,2024-10-07 15:16:21.072551,6,588.924346276697,1,3,2,3
222,777,WALTONMALIK@cordova-williams.com,2023-02-28 07:16:55.943596,2,230.58102473693745,1,1,1,1
223,768,MARY76@mercado.com,2023-12-19 18:41:00.625182,5,494.2183416068538,0,3,3,0
224,770,nmaxwell@example.org,2023-10-14 20:00:06.404925,3,265.72338509385133,0,3,1,0
225,52,brianromero@example.org,2024-11-26 21:48:02.412766,3,158.17059024613513,0,2,1,1
226,674,brianrivera,2024-05-06 19:05:35.343287,6,652.5837752010185,0,1,4,2
227,715,charlene44@example.com,2024-08-29 08:46:45.895577,4,278.9685200012682,1,2,4,0
228,992,ndavis@example.com,2024-10-28 16:47:10.999490,7,429.97966715050603,3,1,2,2
229,212,xjohnson@example.net,2023-01-23 12:16:29.528648,4,402.81720681976697,1,0,1,2
230,631,aguilarjonathan@example.org,2023-04-20 07:10:19.950340,5,325.2769194339535,0,4,3,2
231,274, kathleenrios@bean.info ,2024-04-30 18:28:41.174377,5,433.7463144004978,2,2,2,2
232,182,sandraromero@.shields.biz,2024-11-11 23:00:39.892705,6,688.9925700097494,0,2,5,1
233,442,griffinemily@SANCHEZ.BIZ,2024-03-12 01:07:02.998602,4,421.6495981855215,1,2,1,3
234,689,davidtodd@example.org,2023-09-01 22:27:26.972590,3,220.23184296542465,1,2,1,1
235,792, gbarrett@.COM,2024-02-14 03:44:31.135052,5,579.4448262844314,1,2,2,2
236,699,fosternatasha@example.net,2023-09-12 18:42:10.482243,7,832.8217054364919,2,1,3,2
237,218,gibbsalexander@example.net,2023-12-25 17:39:05.775472,5,492.69992824609244,1,3,1,2
238,348,patricia22@HICKS-MARTINEZ.COM,2024-12-26 21:00:59.433460,6,706.0764950047262,3,1,2,3
239,440,rreed@.pineda.com,2024-10-12 16:35:23.059643,5,393.7266081386232,0,1,3,2
240,280,brownmarie@example.org,2023-06-22 00:37:26.286976,3,288.93484786295477,0,1,2,0
241,13,lynchgeorge,2024-02-13 17:32:05.011725,8,740.530538769121,1,4,3,2
242,734,@gay.biz,2023-10-18 18:27:16.706961,5,626.4274559904426,1,2,2,3
243,760,fhernandez@example.net,2023-06-27 17:36:04.025316,5,710.1926023147489,0,2,3,2
244,636,nthompson@example.org,2024-03-29 20:53:46.827425,3,203.94123249492813,0,1,2,1
245,16,lydiatrujillo@adams-clark.org ,2024-04-19 01:29:09.227180,3,254.3259321882337,0,1,2,1
246,474,danieldavis@example.org,2023-08-13 12:33:10.883996,4,438.7622866144134,1,1,2,2
247,86,christinaturner@example.net,2024-02-22 06:14:54.432386,3,332.01394374907704,1,1,2,0
248,6,joshua35@example.org,2023-06-30 07:45:25.755943,5,351.8502876839576,1,1,2,1
249,205,danielle64@bruce-gonzalez.biz ,2024-11-13 20:26:45.663837,5,500.61917391906275,0,4,4,1
250,887,princekimberly@reynolds.net ,2023-10-25 04:04:05.943187,5,508.843867073219,1,4,2,3
251,572,lewischristian@.perez.com,2023-08-24 15:07:05.974571,3,333.19854319647914,1,1,0,1
252,852,CHRISTINA49@cunningham.com,2024-09-19 20:35:43.327411,5,490.62870748185287,2,3,2,3
253,168,@davis.org,2024-01-08 11:11:16.155739,4,365.6654538482388,1,2,3,1
254,178,JENNIFERCOLLINS@tran.com,2023-07-05 18:31:46.959962,4,277.5261737780204,0,2,2,1
255,142,newtonstephanie@example.net,2024-04-27 17:40:37.698574,3,88.3518998300599,2,1,1,0
256,998,mario74@rocha.com ,2024-09-14 10:55:49.627649,1,95.10067766396543,0,1,0,0
257,972,fwalker@example.com,2023-05-17 05:49:41.904002,2,263.9656615215471,0,2,1,1
258,925,kimberlywilson@example.org,2024-09-05 10:14:48.959892,10,930.2790208081541,4,1,6,1
259,3,williamjohnson@baldwin.net ,2023-01-20 13:39:12.144614,3,340.412801448758,1,2,2,1
260,867,paul70@example.org,2024-08-12 19:40:19.744253,2,224.29748785108563,0,1,0,2
261,308,pottsjeffrey@example.com,2024-07-19 00:42:18.233605,4,362.27387941172356,1,2,3,1
262,328,ihays@example.com,2024-05-23 13:37:42.706022,1,91.65810442976196,0,0,1,0
263,164,@morse.com,2024-02-28 07:41:16.708856,9,839.6021019851846,2,5,3,5
264,40,ESANCHEZ@lee-davis.biz,2024-08-14 00:33:47.123340,4,468.5459311644673,0,1,1,1
265,429,bethwilliams@example.com,2023-11-28 21:03:03.565737,9,932.5159978675449,1,5,2,2
266,20,ddavis@HERNANDEZ.BIZ,2024-09-07 23:40:29.608300,2,282.9663423528154,0,0,2,0
267,470,nbrooks@example.net,2023-12-05 12:13:48.259298,1,74.80803730561597,1,0,1,0
268,839,irobles@example.com,2024-07-07 08:01:48.386205,1,158.5130415684044,0,0,0,1
269,500,ryanhawkins@RUSSELL.COM,2025-01-02 17:45:17.541530,4,404.8882360568196,0,2,2,2
270,169,KEYEMILY@johnston-hines.com,2024-07-25 03:47:48.088939,2,294.92114535617173,0,0,1,1
271,283,marcalvarez@ROSARIO.COM,2024-12-15 20:27:27.699104,9,661.5883111402345,3,3,2,5
272,139,thomas85@example.com,2024-10-01 19:51:50.638160,7,680.2369598731974,3,0,1,2
273,359,meghan43,2024-03-28 14:04:32.785352,3,414.8089204537534,0,2,1,2
274,479,davisnicholas@example.net,2024-02-13 00:03:38.271959,2,254.62914943481073,0,1,2,0
275,881,ajackson@example.net,2024-06-26 07:55:56.413158,9,909.8187762598998,2,2,1,6
276,692,luis11@example.com,2024-01-31 01:18:19.358342,4,307.24264071130546,2,0,2,0
277,980,steven05@example.org,2023-03-23 08:14:45.500649,5,580.8786326127488,0,3,4,1
278,431, andersenthomas@.COM,2023-04-02 18:21:56.724394,3,303.41563096753424,1,1,2,0
279,295,stacey73@example.org,2023-04-15 16:38:51.483148,4,621.4561689140888,0,2,1,2
280,340,ejohnson@example.org,2023-01-17 20:41:19.106623,4,430.3940283945798,2,0,2,1
281,582,ANGELAGREENE@mitchell.com,2024-08-02 06:43:37.107623,6,392.58109620799087,3,2,2,3
282,250,danny49@example.org,2023-12-07 10:39:40.132449,5,648.1745906881847,1,1,4,1
283,432,robert26@example.com,2023-04-13 00:06:21.632283,4,380.3236050647673,3,0,1,2
284,94,jennifercruz@example.com,2024-06-20 10:50:29.755569,2,283.3185895926051,0,1,1,1
285,402,johnsantiago@example.net,2023-07-08 13:47:18.864939,1,-39.460249600693516,1,0,0,1
286,57,josephanderson@evans.com ,2023-05-25 06:59:41.477717,3,323.0793168331677,0,2,1,1
287,920,@moses-black.com,2023-09-10 08:42:59.196162,9,964.1551447729105,3,5,6,3
288,570, ugarrett@.COM,2024-07-08 21:06:28.916744,5,358.9103101480181,0,3,1,4
289,868,dakota84@example.net,2024-09-27 13:53:20.466919,4,370.8082557330332,1,3,2,1
290,966,@moore-smith.net,2024-12-04 22:41:10.540593,3,497.49055449203604,1,0,0,2
291,647,@mcconnell-frey.com,2024-03-14 21:23:00.339822,2,299.0207431371771,0,2,1,1
292,944,colematthew@example.com,2024-04-30 09:03:41.032734,7,513.296660763792,1,3,4,1
293,923,pmclaughlin@example.net,2024-02-10 21:56:46.682329,7,652.9793988474136,3,4,3,3
294,676,donna43@example.org,2024-10-12 11:20:50.218595,4,391.2806126809696,2,1,1,2
295,983,paulproctor@example.org,2023-07-08 22:48:02.735553,4,417.6875098119953,0,1,1,2
296,306,angela18@.mitchell.com,2024-10-10 10:51:32.958761,4,296.85187724986895,0,2,2,0
297,339,stephaniethomas@example.net,2024-07-18 08:59:38.562934,5,472.843395843465,1,2,2,3
298,919,ericahall@example.com,2023-05-29 06:48:33.739009,7,450.31711012072844,3,0,5,2
299,292,collinsnicholas@li-santiago.net ,2023-08-20 14:40:38.624227,2,220.80181853934806,1,0,1,1
300,120,johnwells@elliott.info ,2024-11-07 09:19:44.494691,3,374.0760094746577,0,0,2,1
301,559,jenniferpoole@long.biz ,2023-09-22 04:31:59.239674,8,701.9219954558989,1,2,5,0
302,54,KWILSON@riley.org,2023-03-18 20:06:50.075487,6,673.1007417553861,0,3,2,2
303,646,josephvelasquez@BROWN.BIZ,2024-03-17 08:22:45.922750,7,739.8052002681727,0,4,2,2
304,634,sandrahamilton@example.net,2023-07-04 17:37:17.444127,5,667.6453118785606,2,1,1,4
305,491,kimmary@example.com,2024-12-28 00:23:38.956928,5,357.6316349178709,1,2,3,0
306,620,vhaynes@example.com,2023-08-28 00:38:48.366622,7,896.8144130429268,2,3,5,2
307,776,kchristian,2023-04-14 23:33:12.963704,6,661.6939803541122,1,1,3,3
308,96,@osborne.com,2024-03-17 02:05:37.476761,7,707.2271397461831,3,2,2,5
309,235,brian68@example.org,2024-09-20 07:46:30.075615,5,534.6921424577184,1,2,4,1
310,871,wgomez@example.com,2023-04-22 20:46:04.274335,3,199.19385855273535,1,1,2,1
311,846,dannylambert@example.net,2024-12-30 08:03:59.929453,5,663.5328613726745,1,3,3,1
312,840,@thomas.com,2024-06-20 22:23:05.921821,5,545.9088379568561,2,1,3,1
313,452, paulscott@lucas-nielsen.com ,2023-02-11 15:05:12.310478,8,993.5734510933567,4,1,2,3
314,732,dillonpatrick@example.com,2023-04-25 21:27:24.088709,5,497.7164241927381,0,2,2,3
315,650,gregory01@example.org,2024-04-01 02:24:37.808148,9,884.1797095450149,4,1,4,4
316,544,glennstephanie@TAYLOR-OCHOA.NET,2024-10-19 12:36:15.230222,5,671.3846450912558,2,2,3,1
317,507,MWHEELER@rodriguez-torres.biz,2023-05-18 07:30:47.027730,4,27.446327071404617,2,1,4,0
318,48,rodney87@example.org,2023-07-20 01:37:04.604968,5,586.6825226612261,0,5,2,3
319,266,tberry,2024-10-09 18:00:50.541700,2,186.27650424021212,0,1,1,1
320,163,martinkyle@example.net,2023-03-08 04:36:25.655252,5,502.11351477380947,0,2,3,2
321,268,george97@example.net,2024-08-24 03:10:34.813070,6,680.726186987559,1,1,2,2
322,191,jsmith@.pitts-booker.com,2024-12-28 08:30:18.607037,7,567.5774904357835,1,4,4,3
323,5,blakeerik@example.com,2024-07-26 18:12:56.923251,3,281.38344402878994,1,1,0,1
324,279,william47@example.com,2024-04-07 19:51:46.358641,4,403.29397996900803,0,3,1,2
325,959,@sims-anderson.com,2023-08-31 03:13:54.363743,4,480.89386779638585,1,1,1,2
326,258,craigjoseph@example.net,2023-09-17 05:02:40.692318,2,335.6421986083032,1,0,2,0
327,709,wmatthews@example.com,2024-11-16 20:54:49.237547,3,214.11275379377818,0,0,3,0
328,729,brenda71@example.com,2024-04-15 13:50:27.924859,5,323.3708478503125,1,3,2,3
329,397,hannahburns,2023-05-17 13:28:45.183558,2,203.51760363697892,0,1,1,1
330,19,ZHURST@robinson-bright.net,2023-02-24 14:27:53.410221,6,345.59657153525586,2,2,2,3
331,430,weaverbrian,2024-04-08 12:08:11.386433,2,220.31067134918538,1,1,1,0
332,754,cindy26,2023-02-14 16:52:06.066366,7,742.974104862341,3,1,3,3
333,989,alexis49@example.org,2024-05-06 09:00:58.852939,2,194.77131127851266,0,1,1,1
334,542,angelaburns@example.org,2023-12-24 14:48:51.216582,7,606.8686543379549,1,2,5,2
335,553,jasonrojas@bell.com ,2023-08-25 08:42:36.748935,4,201.05159776802705,2,1,3,1
336,419,vhernandez,2024-11-03 06:38:37.213113,6,560.4318668470995,1,1,4,2
337,560,ohayes@powell.com ,2024-12-15 04:15:38.382962,6,590.0904602556632,0,5,5,1
338,836,@richards.net,2023-08-06 03:43:45.983377,6,573.2587312125688,1,4,3,3
339,92,traceycarr@example.org,2023-11-29 18:49:02.402947,2,158.1103812665325,0,1,2,0
340,780,bmcgee@example.org,2023-12-28 10:04:48.200985,4,363.6316065442584,2,1,2,2
341,415,patrick74,2024-11-30 16:05:42.489300,3,346.35699160570266,1,1,2,0
342,257,kimberly99@.ware.com,2023-05-01 14:00:23.487017,2,100.55420116218387,0,0,2,0
343,644,stokesthomas@example.com,2023-11-14 10:03:30.869272,5,360.4402581917107,0,0,3,2
344,826,willie12@example.net,2023-02-14 10:40:44.547076,3,463.84162581095296,2,1,1,2
345,299,jenniferwilliams@example.com,2024-11-18 10:53:56.398724,4,372.071494640149,1,1,1,1
346,641,fstephens@example.com,2024-05-14 07:56:10.959139,2,222.82137602213825,0,1,0,1
347,227, jeff73@garcia-jennings.net ,2023-08-02 08:39:17.670553,6,426.811135628365,0,3,2,3
348,579,christophergarcia@example.org,2023-06-13 18:43:35.218055,4,405.78776332929954,2,1,2,1
349,64,dking@example.org,2023-03-24 23:17:23.364895,5,397.9992766505578,1,2,1,2
350,117,mary70@example.net,2024-08-21 08:49:48.133104,2,128.47583225727067,0,0,1,1
351,598,karamarks@example.net,2024-05-15 05:20:54.654675,7,773.8129188807402,1,5,4,2
352,936,michael76@.barnes.com,2024-04-30 12:45:31.010956,10,1042.1945447920386,1,5,4,3
353,554, kristenli@.COM,2024-02-02 08:21:09.966770,5,458.3209839989655,1,2,3,2
354,764,michael56@example.net,2023-10-13 12:20:58.638195,3,386.7432804060381,0,2,2,1
355,886,davisdonna,2023-05-09 07:45:19.947626,4,287.85523281953897,1,3,4,0
356,504,rjackson@ADAMS-THOMAS.COM,2024-01-21 12:41:54.468182,6,550.6330083467368,1,1,3,3
357,425,dstokes@example.org,2024-06-10 00:44:26.188961,5,559.3812977820663,1,1,3,1
358,41,rodney70@.valdez.com,2023-02-20 05:37:56.633786,6,578.2219865355224,2,2,3,1
359,931, phillip27@.COM,2023-08-01 20:05:35.482238,2,142.34288243698774,0,1,2,0
360,154,michelle64@example.net,2024-06-24 07:09:00.818491,7,863.1375711187161,2,2,3,4
361,904,ramseysarah@example.com,2024-11-07 06:21:16.518947,6,561.635651853821,0,1,1,5
362,309,sarah60,2024-10-10 19:30:57.033809,2,199.6805182439276,2,0,1,1
363,447,conniesimmons@WILLIAMS-COOPER.BIZ,2023-07-04 15:39:34.893623,4,400.82227970831775,1,1,2,1
364,455,timothybooth@example.com,2023-02-02 17:14:30.076004,5,336.7013564108008,1,1,3,2
365,347,elizabeth18@example.net,2024-11-14 02:59:39.244212,3,172.23408619206083,0,2,2,1
366,484,enelson@example.net,2024-01-26 21:30:04.932256,1,179.42536471768148,0,0,1,0
367,607,finleycasey@example.com,2024-03-16 00:13:49.589961,6,500.47037980752583,0,0,3,3
368,43,robertramirez@example.org,2024-11-22 06:18:24.442112,6,567.9905649370314,1,2,2,3
369,845,eugenewalker@example.com,2023-02-13 14:26:27.153424,5,645.5660775950001,0,2,3,1
370,15,gabriellecameron@example.org,2023-08-30 13:08:05.586235,2,70.85142019371172,1,0,1,1
371,929,raymond92@example.org,2023-11-28 15:30:37.764074,8,925.4298614568894,4,1,5,1
372,262,harrissierra@example.org,2024-12-21 11:34:29.169899,5,559.7500958931486,0,3,2,2
373,511,timothythompson@example.com,2023-01-08 01:10:54.175067,7,631.1778329997356,5,2,4,2
374,112, tinaferguson@.COM,2023-09-23 16:39:06.426623,5,374.31862884430996,1,3,3,2
375,269,christopher13@example.com,2023-01-28 10:02:52.157108,6,574.8006309153437,1,1,2,3
376,327,carterbradley@BLACKWELL.COM,2023-09-26 07:51:47.177829,9,850.3654022149946,2,4,5,1
377,563,marcus45@example.net,2024-12-25 09:47:52.627447,7,754.6748519413575,1,1,1,3
378,849,wlynn,2023-08-04 09:46:48.771424,8,613.5958194717805,2,4,5,1
379,615,HARRISTONYA@vasquez-brown.com,2023-08-22 21:48:19.080174,5,479.0978646296645,2,0,2,2
380,666,koconnor@example.com,2023-12-12 20:34:30.025703,5,552.4164047252515,1,1,4,1
381,165,gbender@example.net,2023-02-11 21:57:51.607336,4,302.8631195641394,2,0,0,1
382,775, elizabeth62@mcclain.com ,2024-05-10 08:44:33.899589,1,146.63718041727896,0,0,0,1
383,366,timothy64@.jones-brown.info,2023-12-02 18:52:06.375198,6,608.6306369798696,3,2,3,3
384,854,jenniferdavidson@larsen-taylor.com ,2023-04-13 17:04:18.495292,4,582.7028253061915,2,2,1,3
385,843,kaitlinberger@example.com,2023-12-18 12:41:20.984986,3,271.56857859500326,0,1,1,1
386,358,fred53@example.com,2023-08-23 11:02:04.063070,3,353.02020031381755,0,0,2,0
387,675,robertspencer@example.net,2024-08-05 01:57:19.797283,6,918.804726871315,0,2,3,3
388,862,FMASON@cox-smith.com,2023-11-29 03:58:29.191967,2,278.196534602898,0,1,1,1
389,207,bailey40@example.net,2024-08-27 23:39:38.495394,7,717.0106288741797,0,5,5,1
390,179,murraydavid@example.org,2023-02-28 05:29:37.347226,4,462.2280403394245,0,3,4,0
391,489,icampos@example.net,2024-06-22 22:42:57.499643,6,547.2995066879542,1,4,2,4
392,590,zhenderson@davidson.org ,2024-11-11 14:13:20.288402,1,111.07466535664163,0,1,1,0
393,189,@hanna-martinez.org,2023-01-24 13:50:54.108574,4,342.06334275341794,0,2,2,0
394,383,francisco94@example.net,2024-03-29 18:38:30.165300,6,779.477577002084,1,0,4,1
395,659, gregorysmith@.COM,2023-04-13 04:02:14.737614,8,705.5377730386336,1,3,5,2
396,937,lramirez@example.net,2024-09-08 04:20:03.855763,7,694.7976244197637,2,2,6,1
397,127,hoganashlee@example.org,2024-03-02 19:41:48.341835,8,755.8385987604925,2,4,2,4
398,819,bowerslouis@krueger.com ,2023-12-18 00:15:36.082782,5,270.3355919375424,1,3,1,4
399,523, greenwilliam@.COM,2023-06-02 20:34:55.859624,7,912.0666876327156,2,2,4,3
400,502,fhughes@example.net,2023-04-11 15:32:03.475066,4,393.9135707784766,1,0,2,2
401,461, hartjeffrey@smith.org ,2023-02-11 17:03:36.539968,2,222.59367344414585,0,0,2,0
402,61,contrerasangela@garcia.com ,2023-05-17 13:49:04.074181,3,273.31664774399064,3,0,0,2
403,316,david36@bauer.info ,2023-07-25 21:31:43.570179,3,316.78742889601415,2,0,3,0
404,903,brownjeffrey@example.org,2023-02-05 20:34:01.097730,4,409.743738507227,1,1,2,2
405,486, alexis39@goodwin.biz ,2024-05-29 04:24:52.497468,5,396.8213377374425,1,1,3,2
406,88,steven73@example.net,2024-07-19 05:29:41.280058,6,577.3484684242934,2,1,2,4
407,993,browndeanna@herrera.com ,2024-03-01 15:46:58.437237,3,340.81001570041144,1,1,3,0
408,197,hodgesjane@WALLACE.COM,2024-08-26 13:15:47.572426,3,260.7413856507969,2,0,1,2
409,979, christophersmith@peterson.info ,2024-06-12 11:31:14.923159,3,331.8799455523483,0,1,2,0
410,531,zacharyarnold@example.com,2023-09-13 06:03:11.851289,2,106.16639368712718,0,1,1,1
411,318,kellysmith@ALLEN-BUTLER.COM,2023-03-25 21:19:52.837162,4,381.44145523528533,1,0,1,1
412,547,antonio38@example.com,2024-08-01 13:59:06.895714,4,404.1197382457167,0,1,0,2
413,462,mphillips@example.com,2023-11-07 11:21:16.138951,4,414.51329949921757,2,0,0,2
414,619,joelgreen@example.com,2023-07-27 23:33:09.912540,5,477.6791547997004,1,1,2,2
415,202,dlittle,2023-03-29 23:30:47.715632,4,420.08438173579873,0,1,2,2
416,564,ashleewashington@example.com,2024-04-08 13:09:11.838661,4,393.861661354946,0,2,0,2
417,263, keith10@.COM,2024-01-08 01:09:57.059964,2,178.16278909206073,0,2,0,2
418,891,ascott@example.net,2024-01-30 21:21:55.643337,8,884.5082660195263,2,5,4,4
419,107,xprice@example.net,2024-02-15 08:01:20.922305,1,60.62160651369521,0,0,1,0
420,374,pwagner@example.org,2024-01-18 21:57:03.961957,2,205.0665632983301,0,1,0,2
421,231,caseyhubbard,2024-04-29 04:21:59.609600,1,129.41227229758147,1,0,0,1
422,17,jason76@example.net,2023-03-28 14:04:12.030700,5,659.6275558597997,2,1,0,1
423,552,michael17@example.org,2024-06-19 11:11:21.856525,2,150.3910134223563,2,0,1,1
424,9, barbara10@.COM,2024-02-04 14:11:34.334803,2,284.6938093071298,1,1,2,0
425,586,david96@example.com,2023-01-25 02:36:37.200434,4,338.8254247398684,1,0,3,1
426,324,mariacohen@example.net,2023-06-24 13:41:33.942743,4,335.42120464750224,1,2,2,2
427,609, kellymueller@.COM,2023-12-13 22:30:36.198821,1,93.26000739532604,0,1,0,0
428,72,@brady.com,2023-10-27 05:22:24.433343,6,538.6834087896506,1,2,4,0
429,398,ybailey@example.net,2024-03-13 02:35:36.220860,2,201.00279189204412,2,0,1,1
430,286,michaelhardin@example.com,2024-02-06 23:38:51.674188,3,292.13335102694,0,3,1,2
431,505,thill@example.com,2024-04-12 10:53:24.418739,7,650.3171678927364,0,3,4,2
432,538,lisamccarthy@.sellers-lawrence.com,2024-05-12 02:56:20.165478,3,323.4220230143287,1,1,0,2
433,423,ASHLEYHERNANDEZ@bond-ramos.com,2024-10-02 13:10:31.438212,4,278.82543951811743,3,0,1,3
434,387,jennifersilva@example.org,2024-09-04 02:45:37.454612,6,634.7954815564503,1,3,3,3
435,695,buckleyanna@example.org,2024-04-04 10:20:43.757677,3,223.20406549673316,2,1,2,1
436,746,karen26@example.org,2023-03-13 02:48:35.109375,2,356.2066591066073,0,2,1,1
437,175,@brown-stone.org,2023-05-30 03:23:04.704587,7,696.3616479403529,1,1,3,2
438,850,emilyyoung@example.com,2023-03-08 03:59:40.102999,9,1072.119520438864,1,5,3,4
439,381,cporter@example.org,2023-12-09 21:34:58.315119,6,508.477441647241,2,2,3,3
440,721,rguerrero@example.org,2024-07-23 08:17:15.744740,7,705.3805732302326,2,3,1,3
441,498,davissherry@example.com,2023-08-26 01:59:28.775114,3,164.21514993442415,0,0,2,1
442,610,stevenvargas@example.com,2023-02-09 14:21:58.083514,6,508.01682793475044,2,2,2,4
443,880,robinsoncatherine@example.com,2023-06-09 22:06:18.426925,5,324.1042375904477,0,2,3,1
444,614,usweeney@example.com,2024-03-03 18:58:03.437326,5,443.78037196598484,1,3,2,1
445,35,jeffreymorgan@example.net,2024-11-16 09:28:45.225739,4,359.34350841651417,0,2,0,4
446,761,cummingscraig@example.com,2024-06-02 20:28:58.104435,7,732.2099474654785,1,2,3,3
447,583, aprilhicks@myers.com ,2024-07-28 01:18:49.093330,2,230.29378006865278,1,0,1,1
448,503,ashleyjackson,2024-02-21 21:18:03.516560,6,749.3405940141015,3,0,4,2
449,739,@reyes-johnson.com,2024-02-27 11:16:41.099439,3,344.8311167725843,1,0,1,1
450,677,LONGANDREA@hernandez-ward.biz,2023-12-04 00:12:25.201331,3,341.0687415435722,0,1,0,2
451,485,rachel90@example.org,2024-01-25 03:18:40.837640,7,799.7908307520285,0,5,2,4
452,568,nancymcdowell@example.org,2024-03-16 16:05:02.234426,4,320.2569393527019,0,2,2,2
453,870,pdiaz@black.com ,2023-03-09 13:09:06.542790,4,344.8982809485966,0,2,1,2
454,310,pshaw@example.com,2023-11-05 08:13:08.755955,4,435.30167114093166,1,1,2,1
455,900,CRAIGROMERO@owen-mendez.com,2024-05-16 12:29:11.534454,5,379.2071363395149,2,2,1,3
456,742,heathercooper@example.org,2024-11-25 23:31:56.658189,2,334.24825977639614,1,1,1,0
457,698,christinebecker@example.com,2023-10-14 06:21:06.324164,2,254.5236388128895,1,1,1,1
458,838,wellsamanda@example.org,2024-11-11 00:41:00.794261,1,24.399684396921188,0,1,1,0
459,196, juliehamilton@.COM,2023-02-08 16:14:15.054136,4,517.7244151323068,1,0,1,1
460,437,@luna.com,2024-09-22 18:07:18.757793,4,386.36143785941465,0,2,0,3
461,456,susan03@HAYDEN.INFO,2024-09-21 14:23:27.812635,5,424.49837029337186,1,3,2,2
462,834,ohughes@example.com,2024-12-08 13:54:58.137614,6,626.1800647539337,1,1,3,2
463,829,amandapark,2023-12-15 09:26:55.533131,1,19.248406393606032,0,0,1,0
464,441, pachecorobert@allen.com ,2023-06-29 15:50:05.835814,9,528.234011548148,2,5,7,1
465,884,harrismichele@.cohen.com,2024-07-11 18:14:50.953928,6,562.993071581369,0,1,2,1
466,986, kingdanielle@.COM,2023-04-25 15:06:27.145167,5,430.9508343587303,1,0,3,1
467,800,glenda22@example.net,2024-01-08 09:32:03.881257,7,589.7534133662525,2,2,2,4
468,290, jennifer92@miller-alvarado.com ,2024-08-13 08:31:25.248611,5,623.709528058657,0,2,2,3
469,733,jbrown,2024-01-29 23:11:16.388274,5,354.9063207035179,2,1,2,3
470,217,michelleramsey@COFFEY-BALLARD.COM,2023-07-14 20:08:01.656777,4,487.28929575782865,1,1,2,0
471,948,@hampton-griffin.com,2024-10-22 09:44:10.809506,2,246.576767116981,0,0,1,0
472,307,jwhitehead@example.com,2024-06-21 00:16:30.764190,3,296.98547835328696,0,0,3,0
473,537,baileymegan@example.net,2023-09-10 18:00:45.253075,6,790.4863191959666,5,1,1,5
474,823,caldwellsean@austin.com ,2024-04-13 18:58:25.645893,2,214.2582150937884,0,0,1,1
475,326,bryanparsons@example.com,2024-05-23 00:14:41.909624,5,420.1000035716355,2,2,3,2
476,960,johnsonmichael@example.com,2023-05-05 04:58:35.603255,4,339.5448619640488,0,3,1,3
477,229, ndavis@.COM,2024-04-02 07:19:39.611765,2,167.5045775851213,0,0,1,1
478,766,michael79@.johns-davis.com,2024-02-09 02:13:36.361110,3,218.97184651394215,0,1,1,2
479,220,brenda51@example.net,2023-04-20 03:30:03.492755,5,466.12354978518357,2,2,1,3
480,813,kari89@example.org,2024-12-25 10:40:03.608666,5,683.0554253482269,2,1,4,0
481,494,michaelpugh@example.com,2024-11-19 02:00:23.067777,9,629.7359123453003,0,3,5,3
482,713, pbuck@.COM,2023-12-11 00:57:15.507507,4,472.5724663464756,0,1,1,1
483,173,gibsonleonard@.wilson-barton.net,2023-12-29 06:24:44.862390,4,580.0574822129795,0,3,1,1
484,301,pyoung@example.com,2023-08-26 19:39:25.213079,3,142.7122397628351,0,2,0,1
485,669,franciscojones@example.org,2024-09-26 21:47:32.771271,4,390.12529986625884,1,2,1,2
486,278,laura90,2024-03-29 06:37:01.525147,5,300.28589162647427,0,2,2,2
487,114, dayderek@white-green.com ,2023-10-02 00:59:12.890679,4,533.0611795964164,0,2,2,2
488,810,YHUGHES@edwards.com,2023-04-20 16:28:31.184577,6,685.2283543505147,2,2,2,3
489,890, campbellnancy@.COM,2024-07-09 12:40:11.236512,8,898.9409335984791,1,6,4,2
490,684, jeremy49@hernandez.com ,2024-03-23 10:13:18.622195,1,91.83867858845467,0,1,0,0
491,445,barbara53@WALTER-ODOM.NET,2023-03-05 21:33:17.028994,6,490.03608520241363,2,2,3,2
492,59,david51@example.org,2023-07-07 14:39:35.468836,7,647.3697928592762,2,2,5,1
493,55,barnesbrandy,2024-06-19 14:49:55.476539,1,126.1519816481779,0,0,1,0
494,4,lrobinson@example.com,2024-09-23 18:59:08.298061,2,316.518575848006,0,0,1,1
495,8,@martinez.com,2024-05-01 18:16:47.711698,6,492.49065222652865,0,4,3,1
496,930,@lloyd.net,2023-06-16 04:10:03.130144,6,566.4995019274928,2,1,3,2
497,450,kevinzimmerman@example.com,2024-02-18 04:08:28.001156,9,796.2947531336816,1,2,6,2
498,757,michaelortiz@.williams.com,2023-09-26 07:34:12.931875,3,119.16217949532802,2,0,0,3
499,241,charlene12@.weber-richards.com,2023-06-24 18:12:11.234347,3,279.94339897236375,1,1,1,2
500,100,jrivas@example.com,2023-08-14 06:46:36.084180,3,312.5424113190288,1,1,1,2
501,495,eringuerrero,2024-12-27 08:25:33.855089,7,836.5514996322728,2,1,4,1
502,449,nicholas87@example.org,2024-04-03 14:54:23.540746,2,203.75603634632947,0,2,1,0
503,717,hturner,2024-12-05 03:33:20.128302,1,87.00080373736473,0,0,0,1
504,987,michaelwilliams@example.net,2024-04-18 15:30:59.088239,6,751.8192505181295,2,2,4,1
505,161,ronaldstephens@example.net,2023-10-21 22:32:12.996131,5,313.9858560852166,1,2,2,2
506,687,RSHEPPARD@armstrong-young.com,2024-08-26 02:24:38.571964,6,762.7701642562431,2,0,2,4
507,555,HUDSONAMANDA@ryan.com,2023-06-08 00:37:24.581377,3,447.72570346534843,0,2,1,2
508,679,bgonzalez@example.org,2023-12-20 02:47:58.949037,7,670.6139348810422,1,3,4,3
509,981,brianrowe@.daniels.com,2023-03-01 03:51:20.034762,6,527.0875079038881,1,2,2,3
510,23,daniel62@example.com,2023-06-03 12:13:06.118937,2,229.8677391683454,0,0,1,1
511,719,kenneth17@rogers.com ,2023-03-27 07:55:28.402688,2,111.20131762226288,0,1,1,0
512,39,ilewis@example.net,2023-03-06 07:13:48.462047,4,404.9648255624717,1,1,1,3
513,922,nedwards@adams.com ,2023-05-18 07:40:41.603006,1,79.4459191160758,0,0,0,1
514,672,paynerachael@example.org,2023-10-20 07:10:12.608681,5,410.67631212030585,2,3,1,2
515,629,cranemelissa@ADKINS.COM,2023-09-19 19:04:30.988966,7,716.8933822392423,0,4,3,2
516,791, daniel60@monroe.info ,2024-01-14 00:17:00.938267,7,812.3182406475825,4,2,6,1
517,520,gibbsmichael,2024-02-20 06:24:05.277997,9,884.4871782954101,4,3,6,0
518,176, wgarrett@harris.com ,2024-03-31 20:49:36.161590,2,190.76257363553788,1,0,0,1
519,380,laura58@FISCHER-GONZALEZ.NET,2024-09-02 10:55:12.290137,4,491.49797822037095,2,0,2,1
520,736,lawrencebrown@example.com,2023-05-29 19:47:56.753907,4,330.49511146099326,0,1,0,4
521,49,kennethnovak@example.net,2023-02-05 14:10:38.587779,4,229.9976834378923,1,1,1,2
522,637,JOSHUA20@harvey.biz,2023-09-11 08:04:24.608986,4,446.8700780945983,0,3,2,2
523,162,@kerr.com,2023-04-13 10:56:26.613722,6,578.7892608473461,2,4,2,2
524,514,erinpierce@example.net,2023-04-03 00:52:58.874785,6,600.4931070640305,0,1,3,2
525,877,macdonalddylan@example.org,2023-06-29 17:02:46.035696,6,684.5256757041616,1,2,6,0
526,549,kimberly58@WOLF.NET,2024-07-02 08:06:12.273398,2,207.55576652125384,1,1,2,0
527,7,jamesmichael@MUNOZ-ROMAN.INFO,2024-06-16 13:45:15.165352,3,409.02382182624285,0,1,1,2
528,238,stephen00@example.com,2023-01-20 19:56:16.263428,2,116.19182266716732,1,0,0,2
529,648,joelstewart@.wolfe.com,2024-09-08 16:52:26.821505,3,270.75535792183894,3,0,1,1
530,958,bakereric@HUYNH.COM,2024-07-22 06:38:28.957830,3,376.35049584579366,1,0,2,1
531,446,roberthill,2024-03-20 06:10:04.356601,5,578.2470837758241,1,0,3,1
532,624,herreratami@example.org,2023-07-25 18:44:10.932640,4,565.8720099919362,2,0,1,3
533,244,DMORGAN@perry-davis.biz,2023-03-20 15:40:13.078470,2,219.38996254774554,0,2,1,0
534,130,bzimmerman@example.org,2023-08-14 07:48:58.215426,1,13.26798322342377,0,0,0,1
535,856,tony12@example.net,2024-09-24 13:01:38.103592,6,635.4936578188126,1,3,5,1
536,136,blackjames,2023-09-18 01:12:40.374478,3,343.0591517102664,1,0,1,1
537,84,cortezkevin@example.com,2024-06-20 03:01:46.725551,5,610.7497233035538,1,2,3,1
538,720,jose43@.holmes.com,2024-08-23 13:17:34.137720,8,971.8567529438769,3,1,2,5
539,453,@nichols.com,2023-04-25 04:37:18.519236,3,260.20383560483094,1,1,2,1
540,1000,@gibson-parsons.net,2024-08-02 14:24:03.253582,2,170.75021548597056,0,0,1,1
541,314,@gilbert-bullock.com,2024-10-21 00:55:31.597358,8,747.289984499401,1,4,4,3
542,664,sean43,2024-05-20 21:24:18.497496,6,437.54717957831696,1,2,5,1
543,247,angelawillis@HOFFMAN.BIZ,2024-01-30 04:31:54.894810,9,1265.4957792385444,0,3,7,2
544,728,vfrench@example.com,2024-10-27 16:54:59.562310,6,388.62652050653907,0,3,4,0
545,824,hmoon@scott-ramsey.com ,2024-08-11 21:20:27.963943,4,393.96099291386366,2,0,1,3
546,691,wendyburton@example.net,2024-08-07 17:59:04.914664,5,494.0568780946175,0,2,1,4
547,627,marymurphy@example.org,2024-01-17 09:43:50.194880,1,71.78059506471384,0,1,1,0
548,649,annalopez@example.com,2024-05-31 18:24:21.899313,6,758.6768149691026,3,1,3,2
549,87,torresjason@example.net,2023-06-12 03:57:04.424207,3,238.4265495884147,1,1,2,0
550,565,williamsconnie@example.com,2024-09-13 06:07:10.289052,4,413.9477981564521,1,2,3,1
551,956, zunigathomas@.COM,2023-11-14 19:08:01.790068,4,166.2812732318823,0,2,0,3
552,434, qmiller@.COM,2024-04-05 15:53:40.828740,6,711.8327704154735,2,1,3,3
553,273,JESSICA23@thomas.com,2024-10-23 06:18:46.120398,6,670.0364268943944,0,3,4,2
554,443,nyoung@example.org,2023-12-20 09:25:12.348506,6,586.4142796602135,2,2,3,3
555,343,raymond43,2024-07-02 04:16:54.514595,7,742.7593502912193,2,1,3,2
556,171,WENDYGRAHAM@costa-harrison.biz,2023-04-15 09:57:19.170037,9,685.7786394268014,4,2,5,2
557,439,opatel@example.org,2023-01-11 02:16:54.106925,7,684.2886448311848,2,1,3,4
558,277, scottharrison@.COM,2024-12-08 14:20:37.536255,6,502.91748490740815,2,2,1,4
559,465,jessicabell@example.org,2024-03-28 06:47:53.207864,6,510.38274347479967,3,2,1,2
560,194,ofinley@.clay.org,2023-11-25 22:04:52.094819,8,906.307419957782,2,5,5,2
561,794,heatherthompson@example.org,2023-09-23 10:32:29.946408,6,699.0438100763323,2,1,4,2
562,428,fosterlisa@example.net,2024-07-21 08:43:31.640026,6,476.25009026982815,4,1,3,3
563,331,ykline@.beltran-crawford.info,2024-03-23 14:58:55.707759,7,800.3022519324769,1,3,5,2
564,994,linda73,2024-01-18 08:54:47.726826,4,463.5016073240384,1,2,2,1
565,957,johnsonrandy@example.org,2024-10-27 19:17:30.690308,1,35.86852840365299,0,0,1,0
566,391, vsalas@brown.com ,2024-07-28 17:48:23.118321,4,433.3171528376477,1,0,2,1
567,532,omullen@soto-lopez.biz ,2024-06-19 01:14:24.232947,5,541.0603389485864,3,1,3,2
568,438,goodsteven@example.net,2024-02-07 21:52:02.218653,7,370.77917975607016,0,2,2,3
569,821,nicolealvarado@example.com,2024-12-08 10:55:52.720634,3,76.785365466749,1,1,1,2
570,706,wrightstephen@example.com,2023-06-28 09:36:36.009064,1,139.20280191251783,1,0,0,1
571,129, hamiltonmichael@.COM,2024-03-16 16:46:24.836270,7,707.4369588251922,0,3,4,1
572,928,kvillanueva@HENRY-JOYCE.NET,2023-03-23 19:07:06.508408,4,419.9771272853461,1,0,4,0
573,467, warrenmary@landry.com ,2024-03-16 12:10:35.458011,2,192.610520272359,0,1,1,1
574,448, heather62@.COM,2024-02-10 17:11:46.350861,3,300.5211536793002,1,2,2,0
575,69,russellwilliams@example.com,2024-10-12 18:42:46.027640,5,617.6657337029137,2,1,3,1
576,166,mkim@example.org,2023-10-25 11:53:45.906600,6,686.3959377009444,0,2,1,3
577,400,kellyroberts@.miller.info,2023-06-03 09:38:26.925115,5,559.1559735299777,1,1,0,3
578,97,pwilliams,2024-01-19 23:56:40.776107,2,181.6075025620379,1,0,0,2
579,543,leonardhayes,2024-04-09 01:14:37.419326,1,16.894264322427972,0,0,0,0
580,533,njohnson@cole.biz ,2024-03-31 20:45:55.605395,7,757.1952252389424,2,2,4,2
581,524,seanmyers@example.net,2023-07-31 14:48:36.050055,4,429.436386068204,0,4,2,2
582,661,whitelucas,2024-11-08 17:00:45.607963,8,528.4325804939206,2,2,5,2
583,693,rarnold@ellis.org ,2023-10-26 16:23:16.358446,7,734.8051332800914,0,4,2,2
584,869,beth92@example.com,2023-09-14 08:06:44.354233,4,335.77486832949853,1,2,1,2
585,264, lburgess@james.com ,2024-08-21 23:10:54.292905,3,125.03265684697686,1,1,2,0
586,312,combsdebra@example.org,2023-11-26 12:00:28.289283,1,115.64981522674142,0,0,0,1
587,389,armstrongjackie@example.org,2024-06-17 18:33:45.040773,1,154.4307350659676,1,0,0,1
588,239,gsimmons@example.com,2024-10-01 12:29:21.697604,5,360.0414446012916,2,2,2,2
589,234,andersonmichael@.chapman.com,2023-07-24 01:56:57.013396,1,143.92267864992198,0,0,0,1
590,63, james48@.COM,2023-11-06 04:16:58.642693,4,294.1424437937594,0,2,0,3
591,635,ycrawford,2023-02-27 22:27:41.957958,3,352.2390175974903,0,2,2,1
592,885, mvalenzuela@rich.net ,2023-04-01 15:01:24.070635,4,444.33643648017454,3,1,1,1
593,779,gatessergio@example.org,2024-06-16 19:38:20.444179,6,450.8333116630875,1,4,3,3
594,395,plee@example.com,2023-11-04 23:47:20.622618,3,269.1436508542864,1,1,1,2
595,982,lisa01@example.net,2024-02-28 06:00:15.880125,3,189.9049736027402,2,0,0,1
596,403,danawilliams@example.com,2024-05-26 04:19:25.544874,4,474.936348836354,1,2,1,2
597,907,christinacraig,2023-11-18 07:19:42.960103,3,249.4121766277144,1,0,0,2
598,509,pcook@example.net,2024-06-07 12:04:27.044437,4,350.5464030935417,1,1,0,3
599,459,kyle58@.owens-lang.info,2023-08-12 21:35:59.197634,3,200.73378183635566,0,2,3,0
600,848, enewman@powers-king.com ,2024-04-06 22:41:30.844490,5,269.6864186569042,2,0,3,0
601,814,@brandt.com,2024-07-28 20:14:15.402818,4,361.20444062369825,1,1,1,3
602,102,karen48@example.com,2024-09-22 23:32:44.115140,4,581.4155572299833,0,1,2,2
603,361,shawgary@example.net,2024-03-15 15:47:02.819641,4,409.02063404592684,1,3,2,1
604,77, emurphy@.COM,2023-09-21 06:14:32.659500,3,187.24426478509292,0,2,3,0
605,10,kendragalloway@example.org,2023-10-16 22:46:09.292003,5,697.6290880419598,3,1,3,1
606,589, livingstonstacy@hunter-fuller.net ,2023-05-25 20:09:56.451092,4,433.82492270245655,0,1,1,2
607,658,sparker@example.com,2023-12-13 01:48:48.255955,11,1362.4712406435053,1,8,4,5
608,951,millermatthew@example.com,2023-12-13 23:54:24.752388,4,413.4728999647927,2,1,3,0
609,771,timothyfreeman@example.com,2024-11-12 05:02:28.522231,4,321.08488193165584,2,0,3,1
610,518,donna66@cole.info ,2023-11-05 08:14:10.866220,4,399.65440980237975,1,0,1,1
611,50,adkinsbrian@example.net,2023-02-27 07:28:36.247288,4,354.33128608928274,3,0,2,1
612,750,stanleydesiree@example.org,2023-04-10 01:42:39.914675,3,329.9810700868877,0,2,0,1
613,527,michaelcooper@example.org,2024-01-12 00:30:18.592414,3,321.3061378204486,1,1,2,0
614,404, jennifer12@oconnell.biz ,2024-10-30 13:24:09.708343,4,348.989679892248,0,2,1,3
615,817,steven20@.mcfarland.com,2024-10-17 23:02:12.622341,4,541.4260017150859,2,2,3,1
616,293,lucasrodney@example.com,2024-06-04 23:34:42.666656,3,489.29138908353536,2,1,1,2
617,267,zroberts@example.org,2024-10-18 07:34:04.128474,3,329.2002354111518,1,1,3,0
618,793,tamarasmith@.williams.info,2023-12-01 15:27:07.934003,4,345.2224484806369,1,1,3,1
619,977,hernandeztara,2024-04-20 20:09:42.387523,4,363.43126630176056,1,1,2,2
620,769,dalepruitt@pham-gregory.com ,2023-05-24 09:22:06.274670,2,100.90480272141595,1,0,0,1
621,938,tiffanyparks@le.net ,2024-12-01 04:58:55.315824,7,549.4166384563325,1,0,2,4
622,45,housemelinda@example.org,2023-10-03 11:48:00.962034,6,696.184698626342,0,4,2,2
623,569,john52@example.org,2024-09-29 11:06:26.676889,3,205.63492932900817,0,1,1,0
624,759,meadowsmary@example.net,2024-09-30 06:08:44.520039,2,58.0886894558421,0,1,0,0
625,216,linda71@example.org,2024-01-24 03:06:43.558493,2,269.0274652786196,1,0,0,0
626,952,denise49,2024-11-20 18:09:37.225142,5,599.4622982038094,2,1,3,1
627,320, myerstheodore@hughes.com ,2024-07-16 20:19:44.916051,3,377.75375859064866,1,1,2,1
628,946,rmartinez@example.net,2024-02-24 09:30:44.629498,6,570.6262300029962,2,2,4,1
629,38,palmerjoshua,2024-10-17 20:26:22.163219,3,211.37270801956194,0,0,1,2
630,418,fowlershelia@mendez-robinson.com ,2024-07-21 02:14:13.433877,1,94.92208981637242,0,1,0,0
631,261,brandon69@example.org,2023-06-28 10:29:39.866729,2,335.546311757664,1,1,1,1
632,82,fletcheraaron@.mcdaniel.com,2024-07-18 02:46:45.706570,6,710.9859650870872,1,2,1,3
633,364,@curtis-wang.biz,2024-08-03 17:22:01.696706,7,756.0403019910138,1,3,5,2
634,181,robert77@bryant.biz ,2023-08-31 03:21:48.558587,7,499.896120615289,0,1,2,4
635,510, kevinmorrison@.COM,2024-12-22 05:20:27.877809,1,70.42780902302803,0,0,0,1
636,249,@olson.net,2024-01-07 14:38:08.690912,1,109.42431903802105,0,1,0,1
637,576,patrickli@example.org,2023-06-29 11:41:44.256171,5,691.3779039374683,2,1,2,3
638,945,ann45@example.org,2024-10-25 06:01:54.689811,6,512.1484519931764,1,4,4,2
639,703,JOSEPH69@davis.biz,2023-11-20 21:52:41.061400,2,199.5699294994223,0,1,1,1
640,394,erica49,2023-04-15 17:35:50.992927,1,152.36758712265257,0,0,1,0
641,288,mccormickdeborah@example.org,2023-04-18 02:55:22.743957,4,234.39058248861483,1,2,3,1
642,289,cody64,2024-02-06 08:13:16.593054,5,525.5491823793948,0,2,1,2
643,240, fjones@.COM,2024-04-25 06:37:49.100808,2,278.5364012904359,0,1,1,1
644,889,colemanjonathan@example.org,2024-07-04 22:37:08.554278,6,467.3911579375645,2,0,2,4
645,356,katrinaanderson@example.net,2024-06-27 00:56:58.701407,3,145.63528876615914,1,2,1,2
646,427,tchambers@example.net,2023-08-20 23:47:31.903684,6,365.7967776598168,3,2,4,2
647,73,nicolejohnson@example.net,2023-09-10 10:34:46.105827,11,790.9317133472189,3,3,3,4
648,763,lwilliams@example.org,2023-08-27 06:43:16.048055,4,277.44320397088904,1,2,2,0
649,245,@ortega-brooks.com,2023-08-25 07:53:18.486202,8,651.9670384763258,0,4,6,2
650,591,joshuacollins@.mccall.com,2024-06-24 22:16:15.758351,3,213.13309593704804,0,1,2,1
651,25,williamrodriguez@example.net,2023-03-20 00:45:58.725842,8,711.1681808900107,2,1,4,4
652,816,david94@example.org,2023-03-05 01:02:14.358964,1,179.4502879386435,0,0,0,1
653,113,qvargas@example.org,2023-04-17 23:58:18.643544,7,625.7282909175336,2,1,3,2
654,895,jose86@diaz.com ,2023-04-22 22:09:46.791820,5,398.20424319211713,1,3,2,2
655,237,hayesjeffrey@WILLIAMS.NET,2024-09-29 05:38:52.072423,7,787.3575947476016,0,1,3,2
656,795,hughescaroline@example.com,2023-05-22 14:39:54.202705,5,502.5327050289777,0,1,2,2
657,645,terrigarcia@example.net,2023-05-17 15:18:35.132971,4,331.87305519247195,1,1,2,1
658,893,spena@example.com,2024-06-05 07:50:35.417470,6,363.7166509629895,1,1,4,1
659,818,tracy98@example.com,2023-03-12 12:03:53.280469,3,115.81691037940055,1,1,2,1
660,160,@jones-hall.com,2023-08-06 13:48:10.096756,3,208.14271430997997,1,1,2,1
661,70,nolanjason@example.org,2023-05-08 17:53:12.277958,3,406.7663376946001,0,2,1,1
662,921,john16@goodman.com ,2024-05-25 03:05:38.983529,6,601.8063163295587,2,3,3,3
663,408,lfrench@example.net,2023-03-31 06:57:02.669855,4,367.1375293943622,0,3,4,0
664,730,delacruzbrandy@example.net,2023-01-07 00:41:51.366159,5,612.6867736575591,1,3,1,3
665,62,josephjacobs@example.net,2024-07-07 03:58:54.134763,2,169.76289629486467,1,0,1,0
666,125,charlesvaughn@example.net,2024-09-01 01:20:01.821739,4,526.8592655231023,1,1,2,1
667,121,katie29@example.net,2024-06-26 06:15:50.720606,2,284.73414005916953,1,0,1,1
668,396,jeffrey44@example.net,2023-12-02 06:10:48.775087,2,278.6938807449434,0,0,2,0
669,156,josephmiller@example.org,2023-11-28 09:47:44.832125,10,1126.3160916459121,3,4,2,6
670,480,abrown@example.net,2023-08-08 19:16:06.255125,6,634.2288083645428,1,2,3,3
671,351,cherylmiller@example.com,2023-09-01 05:22:48.045220,2,247.66828630527954,0,1,1,0
672,143,jamesrodgers@example.com,2024-03-21 20:43:44.332991,5,649.3370960795468,0,2,3,2
673,219,gibsonemily@example.net,2024-06-23 02:08:08.649985,1,38.90964534182678,0,1,1,0
674,967,@cooper.net,2023-07-19 05:26:34.754786,1,92.75870232002075,0,1,1,0
675,968,wattstravis@example.com,2023-11-24 17:24:44.372418,7,772.086296247773,0,2,3,3
676,477,pstevens@example.net,2023-02-25 07:45:55.975988,4,426.1798634379064,0,2,3,1
677,740,stephanie58@example.org,2024-11-03 23:19:28.824099,3,203.437484143473,1,0,2,1
678,411, melissamcdonald@lamb.com ,2024-01-24 12:46:45.879521,2,329.7927518273392,0,1,2,0
679,482,jacobsonsamantha@example.org,2024-05-28 07:12:01.482097,1,91.11864811883507,0,1,0,1
680,226,rgilbert@example.org,2023-05-11 07:25:41.274810,4,520.9265975802368,1,3,2,1
681,651,carolynsmith@example.com,2023-08-23 03:01:31.288082,4,443.33600020938496,1,1,3,0
682,789,conradphilip,2023-11-13 20:42:25.272697,2,282.55434033591376,1,0,0,1
683,390,alexanderrobert@.vaughn-jenkins.org,2023-03-30 13:32:08.739581,7,859.3846516885355,2,1,3,4
684,741,@rhodes.com,2023-08-17 08:41:33.294111,1,84.64498971560866,0,1,1,0
685,29,nataliearroyo@example.org,2024-01-25 23:54:48.846366,3,215.50011190230018,2,1,2,0
686,558,jacquelineanderson,2024-10-16 13:58:20.059614,8,737.195908440839,4,0,4,4
687,528,gbailey@.bowen-chavez.com,2023-08-31 12:20:35.167036,8,743.3857294733008,1,4,6,2
688,526,@phillips.com,2023-08-19 17:11:11.169073,3,222.91266550246928,1,2,0,3
689,21,CRUZCAITLIN@rice-maddox.com,2023-04-11 16:36:21.523850,4,526.8660226527145,1,3,1,1
690,214,ithompson@example.net,2024-02-03 21:31:09.403460,6,697.0911174787725,1,4,1,3
691,653,JOHNSONBRENDA@schroeder.com,2024-06-10 15:39:48.177428,5,501.24159910698796,2,2,2,3
692,710, marygreen@davis.org ,2024-03-01 07:51:33.614777,2,184.8639529868807,1,1,0,2
693,550,veronicagarcia,2024-09-07 22:08:19.483906,7,711.1640124951406,2,2,5,0
694,323,dennis58@example.com,2024-02-25 02:35:35.368997,3,372.10498858183877,1,1,2,1
695,492,unovak@example.org,2023-12-26 04:48:47.148226,5,443.86801598471425,1,2,4,1
696,798,iballard@MORRISON-TANNER.NET,2024-09-16 11:13:30.391072,2,167.00075493206532,1,0,0,2
697,941,oporter@example.net,2023-04-04 12:50:48.958604,4,445.6186512121931,1,1,3,1
698,866,mike03@example.net,2023-12-27 02:49:28.039912,3,352.18894352567673,1,1,0,3
699,352,@key-higgins.net,2023-12-07 02:55:26.093061,3,431.29715793389033,0,1,0,2
700,338,lambertrichard@example.net,2023-01-30 10:29:56.005168,4,501.2920044658635,1,3,2,0
701,335,cjackson@example.com,2023-12-31 21:15:14.929969,4,306.3536694862827,1,1,1,3
702,933,smithjason@example.net,2023-01-24 04:58:16.130049,2,262.1895009363907,0,1,2,0
703,911,jessica89@example.com,2023-07-20 23:55:16.378936,7,609.5785973091315,2,1,4,2
704,678,phillipsebony@example.net,2023-01-29 00:02:31.460957,4,506.9778557886972,0,2,1,1
705,714,carolynsmith,2024-02-16 08:59:49.088099,5,548.1228772648006,1,1,1,1
706,256,xpeterson@example.com,2023-10-21 06:21:45.387247,5,429.71862691628417,0,3,3,0
707,98,bryantlaurie@example.net,2025-01-01 13:29:18.049484,4,435.76175322488655,0,4,3,0
708,195,younggabrielle@example.com,2023-04-23 09:53:07.251004,7,530.499581742133,2,3,4,3
709,490,masonterri@example.org,2024-04-10 08:25:00.201544,7,733.1651374355848,4,2,4,2
710,287,rschroeder@example.net,2023-06-06 22:14:06.465114,6,750.1472815022495,2,2,3,0
711,595,elizabeth21@example.org,2024-10-04 17:25:37.857097,3,230.04829668645644,0,1,0,1
712,345, nlewis@benson-lutz.com ,2024-07-13 10:26:28.577904,6,464.3283738779679,2,1,2,2
713,828,michellecoleman@example.org,2024-07-28 14:13:47.425433,4,582.0775461468877,0,2,2,2
714,767,danielross@example.com,2024-05-04 19:52:47.088133,2,344.1447375522602,1,1,2,0
715,752,kelleythomas@example.org,2023-10-03 14:30:15.755336,4,540.0967008911143,1,0,3,1
716,790,msummers@example.net,2023-05-18 05:35:13.725121,4,390.15954709549885,2,0,2,2
717,990,amccormick@PERKINS.INFO,2023-07-20 12:30:08.390648,3,194.49581755562164,0,2,1,2
718,863,@sutton.com,2024-08-19 00:08:27.852311,3,318.9385426701788,0,2,1,2
719,371, gwright@roberts.org ,2023-10-22 21:07:53.181766,4,406.32548533036453,1,3,2,1
720,32,josephbrennan@example.com,2023-10-01 12:12:31.189309,3,201.8634275556073,0,0,3,0
721,90,DONNACAMPBELL@schultz.com,2023-07-11 12:02:04.013970,7,816.9541179910647,1,2,4,2
722,622,kimberlyrichards@example.org,2023-04-02 20:03:49.916442,4,327.87283822454947,0,2,3,1
723,60,justin78@TURNER.NET,2024-04-07 16:21:52.257442,2,184.44333384609058,0,1,1,0
724,382,JENNIFERBROCK@bryant.com,2023-11-11 11:52:12.123145,5,602.8383335569129,1,2,4,1
725,75,KRISTINRODRIGUEZ@garrison.com,2025-01-05 05:31:26.293645,6,466.2739492500803,3,1,2,0
726,469,mannalbert@example.net,2023-05-16 11:53:42.961756,2,219.4619059943529,1,1,1,0
727,621,shawn31@example.org,2023-11-25 02:53:35.505342,5,343.19311051581815,3,1,3,1
728,786, wwilson@walker.com ,2023-12-06 00:20:28.709316,2,227.7929782795021,0,0,0,2
729,630,smithmaria@anderson.com ,2023-08-27 12:59:25.566592,6,681.2261354558127,2,3,1,4
730,203,elizabeth74@example.net,2023-02-15 17:36:00.379243,4,269.115774866202,0,0,2,1
731,782, petersenlatoya@.COM,2024-12-30 05:29:10.422752,2,99.56354642977266,1,1,0,1
732,640, crystalpham@mayo.com ,2023-12-16 18:10:33.785160,4,476.4142892574439,0,2,1,3
733,457,heatherpadilla,2024-05-08 02:55:44.637331,5,534.0825312905743,0,2,2,2
734,662, daniellegarcia@taylor-mcgee.com ,2023-12-14 23:03:15.242483,8,999.4532945027083,4,1,3,2
735,265,CHARLES06@stevens.com,2024-04-08 00:33:25.825189,6,722.4673404665886,1,5,3,2
736,835,YSTEWART@wilson.com,2024-08-11 23:31:55.971888,5,381.16500878667165,1,2,1,3
737,221,thomasharvey@murphy.info ,2024-05-31 07:42:25.770206,3,373.92635753071846,0,0,1,2
738,899,adkinssean,2023-11-30 17:58:24.861950,5,614.5663314093291,2,1,2,3
739,724,matthewreeves@.nichols.com,2024-05-03 03:09:27.033866,3,356.12213188850916,1,1,0,2
740,341,michael90@example.net,2023-07-23 00:29:56.673416,5,438.1408363867314,3,1,3,1
741,859,mcclainmelissa@.johnson.org,2023-05-14 10:42:43.185040,3,367.41989434109263,0,1,2,1
742,141, jerry35@.COM,2023-06-21 12:10:16.403420,9,1137.2890358213087,5,2,2,4
743,414,LCALDWELL@woods.com,2024-01-15 15:45:23.259107,3,435.02902829150355,0,1,1,1
744,608,kiara45@TRAN.COM,2023-03-11 12:02:18.845978,6,585.7727346260752,2,2,0,4
745,433,ywest,2023-06-04 01:45:52.421307,4,338.1712865081697,0,1,3,1
746,151,hernandezlisa,2024-01-08 21:19:46.973716,2,190.94509841397166,1,0,2,0
747,712,josephortiz@.hancock.com,2024-03-14 10:59:08.445436,3,306.9537835177025,1,1,1,1
748,978, lopezcurtis@martinez-gonzales.com ,2024-11-03 12:53:33.632725,2,202.947227580861,0,2,1,1
749,943,lewisjonathan@example.net,2023-04-11 18:56:14.787780,6,895.2633250830193,2,3,6,0
750,953,cnelson@example.com,2024-04-17 12:15:32.695928,4,467.85977297283347,0,2,1,3
751,334,murphykenneth@example.com,2024-09-20 08:35:24.076293,4,486.1961086665318,0,3,2,2
752,751,norrisrobert@example.com,2023-08-09 18:58:12.482665,5,416.7861945842609,2,2,3,1
753,801,JENNIFER58@aguilar-bender.biz,2023-11-03 00:04:37.849269,1,160.39970199301933,1,0,1,0
754,592, wwillis@.COM,2024-01-24 09:27:35.686809,2,157.5710915168945,0,1,1,1
755,680,daniellerowland@ANTHONY-PARKER.BIZ,2023-09-20 14:45:27.395892,5,247.38855228416185,2,1,2,1
756,735,TTHOMAS@maxwell.com,2024-03-04 01:28:55.171956,3,364.50174361451167,1,1,3,0
757,376, amitchell@.COM,2023-02-11 21:41:23.951630,6,634.8802662907216,1,2,2,4
758,488,irhodes@example.com,2023-03-27 17:42:00.512635,4,332.96348160393353,0,3,1,0
759,515,nhahn@example.com,2024-09-17 09:25:05.854970,3,299.2513752494772,2,0,1,1
760,272,schmidtjames@example.com,2023-04-27 17:08:27.019115,3,235.8281661214226,0,1,3,0
761,145,harry08,2024-07-27 18:47:45.188513,1,83.0460813186576,0,0,0,1
762,200,lynchpatrick@example.net,2024-07-13 09:41:26.871141,1,90.59818570566658,0,0,0,1
763,109,WSMITH@molina-castaneda.biz,2024-11-13 06:17:37.635610,9,831.0130314238309,0,6,4,2
764,940, thomassmith@.COM,2024-06-07 03:05:55.365667,6,596.2565716490919,2,1,5,0
765,378,michaelroberts@example.com,2023-10-24 15:42:36.544200,6,633.0101494613136,1,2,4,2
766,639,@barnes.net,2023-04-11 21:51:38.887239,4,447.400283817386,1,0,3,1
767,254,adam29@.morales.com,2024-01-28 14:55:18.743040,2,84.0664416382881,0,0,2,0
768,56,sarah35,2024-01-30 06:17:31.881181,3,391.84140472190194,2,1,1,1
769,487,evansanne@example.net,2024-03-28 23:41:53.893035,3,419.0310096148665,0,1,2,0
770,228,@howard.com,2024-08-05 09:08:22.950816,4,350.7515172627121,1,0,1,3
771,655,@garcia.com,2024-01-31 14:16:03.122245,5,451.84407450938744,0,4,1,2
772,213,christopherphillips@example.net,2023-06-08 13:43:14.821475,4,490.79087396138743,1,2,2,1
773,478,kevinclayton@example.org,2023-11-15 01:06:08.172342,3,358.92394268878485,0,0,2,0
774,997,llopez@example.net,2023-11-21 10:13:10.385834,2,163.84405350502738,0,1,1,1
775,534,bushjamie@example.net,2023-01-28 03:56:16.061671,4,429.36170056702383,2,0,3,1
776,426, dbryant@.COM,2023-11-09 09:22:14.321521,4,507.9835415937579,0,3,3,1
777,718,@sanders.com,2023-02-26 17:47:36.511793,4,552.5192211890567,1,2,0,3
778,749,kelsey90@example.net,2023-10-29 03:39:39.301254,7,679.3197801384085,1,1,3,4
779,574,yjones@example.org,2023-11-05 05:13:42.382919,5,466.49244705402896,2,1,1,3
780,303,smurray@example.com,2024-11-29 19:53:35.259069,6,840.5781855219674,2,2,2,3
781,354,teresaday@example.com,2023-10-29 15:23:44.441205,4,378.8734342773896,0,1,2,0
782,702,dennismccann@example.com,2024-08-01 19:40:55.202438,6,588.5159015712572,0,3,2,4
783,708,HREID@johnson.com,2023-03-04 19:04:23.196736,3,341.9965766525446,0,2,2,1
784,170,cstone@example.com,2023-04-12 03:08:26.950242,2,237.93267122047035,2,0,1,0
785,807,rgarcia@example.net,2023-03-30 13:24:33.273090,2,116.97758702795946,1,1,2,0
786,611,jessicapayne@example.org,2024-01-22 03:59:03.856767,6,642.7960004006757,4,1,5,0
787,783,pamela83@example.net,2023-03-09 17:44:40.920603,9,871.4440475459895,2,2,3,6
788,612,adamortiz@example.org,2024-05-02 06:27:43.325660,2,243.75301906168934,0,2,0,2
789,304,mburch@example.net,2023-04-03 08:58:29.957834,7,925.4391341184305,1,1,5,1
790,668,egarcia@example.net,2023-06-19 08:55:22.001037,4,442.55991590351414,3,0,2,0
791,536,orose@.harper-carr.org,2023-09-05 07:53:35.600887,3,320.9664466359559,0,0,2,0
792,753, heathermccoy@fisher-garcia.net ,2024-02-11 20:15:23.700245,6,425.697325484059,3,2,0,4
793,865,ccrosby@.juarez.com,2024-06-01 19:06:52.298420,3,348.6205813504396,0,1,1,2
794,105,jasminebrown@example.com,2024-05-24 17:17:29.401531,4,485.42995092049586,2,1,2,2
795,913,shawnpowell@green.net ,2024-04-28 21:05:53.379656,5,590.0627969320761,1,2,4,0
796,370,floressteven@example.com,2024-01-20 19:06:42.340408,3,453.529075836841,1,1,2,0
797,298,carlamoore@example.org,2023-04-22 22:12:28.610781,2,155.01094148191459,1,0,2,0
798,726,@stokes.com,2024-08-25 17:18:23.600556,11,1025.2488685342332,2,3,6,4
799,58,ellisyolanda@.jones.net,2024-01-26 06:24:42.434100,4,415.91329527066085,1,2,2,1
800,837,robertsgina@.miller.biz,2023-02-01 16:47:18.670141,7,876.3384651297242,0,2,5,2
801,188,floresthomas@hughes-alvarado.com ,2024-03-15 17:02:05.817443,9,922.0049826908111,1,5,5,4
802,888,zperez@.clarke-james.org,2023-08-15 00:53:22.918053,5,612.0828782875706,1,2,2,3
803,575,@shaffer.com,2024-01-04 23:35:08.127771,6,543.1501416106088,1,4,3,1
804,421,foxallison@example.com,2024-05-02 16:02:06.684737,7,442.95251670681796,2,2,2,3
805,204, charleslandry@.COM,2024-11-30 01:50:32.870135,5,524.7276325073784,1,1,0,5
806,872,aeaton@MACIAS.NET,2024-11-19 02:53:10.096135,6,536.7602373968489,2,2,2,3
807,33, sarahcampos@harris.com ,2024-03-24 12:45:14.096293,2,165.98123032478713,0,1,1,1
808,11,jamesshawn@example.com,2024-01-24 17:12:19.679865,2,215.0832033935195,0,2,1,1
809,781, jgutierrez@.COM,2023-11-21 22:05:46.499865,4,321.24370396792926,2,1,3,0
810,83,ryan59@example.com,2023-11-17 10:19:45.271984,7,365.906887978551,2,1,3,3
811,508,@skinner-james.com,2024-03-27 01:16:30.227170,6,586.2136348691866,1,3,2,1
812,825,willie87@williams-villanueva.com ,2023-08-23 04:03:39.419454,11,814.1377316058365,2,1,7,3
813,369,theresa25@example.net,2025-01-03 07:59:27.950765,6,668.3498277829959,1,4,2,4
814,541,baileyhenderson@example.com,2024-04-22 12:43:50.350652,5,364.76961749923794,1,2,3,1
815,413,GREGORYCHASE@wilcox-robertson.com,2024-08-06 18:03:56.345514,2,222.7924798459815,1,1,1,1
816,150,moralescharles,2023-04-26 03:49:51.351475,3,203.55174144929552,1,2,1,2
817,110,tracynelson,2023-04-29 21:51:04.328003,2,91.77217135565783,1,0,1,1
818,567,BSMITH@forbes.com,2023-10-18 11:09:17.119507,6,618.8387329988631,1,1,3,2
819,260,russell49@example.com,2024-04-07 14:42:54.334470,9,1124.9734964043198,5,1,6,1
820,68,davenportbrandi,2024-05-06 20:10:31.731214,6,693.052865931006,0,3,6,0
821,71,gomezanita@example.com,2023-05-18 16:05:28.887832,3,358.08333234896156,0,3,2,1
822,106,amy60@example.org,2023-07-27 11:24:50.023068,2,133.2419582090273,0,1,2,0
823,561,shawn75@.smith.info,2023-07-30 18:21:23.165566,4,516.6344571510801,0,2,3,0
824,525,@vaughn.info,2024-08-06 02:47:38.743410,6,525.087859495872,1,0,4,1
825,910,hwillis@.mclaughlin.com,2023-09-08 13:57:13.038501,4,367.9093222399731,1,1,1,3
826,147,salasaudrey@example.com,2023-08-17 12:46:55.132549,6,615.2376278279869,2,3,3,3
827,116, aramirez@.COM,2023-06-26 02:12:26.670942,4,307.62895912640136,0,1,1,2
828,14,frankgray@example.net,2024-03-29 16:58:32.056991,3,308.79761244091355,0,1,1,2
829,198,williamslaura@example.com,2023-06-01 18:15:04.137721,2,111.74849559848447,0,1,0,0
830,638,rbrown@example.com,2023-11-26 23:16:59.800316,6,550.4327256003678,2,2,2,4
831,600,crawfordwilliam@example.org,2024-06-19 04:17:25.310737,3,246.4842354981107,1,2,2,1
832,317,chenbailey@example.net,2024-07-29 00:24:40.683210,5,454.9264323197301,0,3,5,0
833,805,frances20@example.net,2024-02-25 21:59:29.464082,3,429.65518411473033,0,1,1,2
834,546,cunninghamlaura@example.org,2023-09-08 16:26:50.798386,1,119.51392385297731,0,0,0,1
835,424, gdavis@.COM,2023-05-17 13:16:19.543937,4,445.0081301914943,1,0,2,2
836,344,johnsonjacob@.hughes.com,2024-12-28 18:52:30.257233,4,261.6976433076253,0,2,1,3
837,975,melissawhite@rodriguez-gibson.info ,2024-07-21 10:04:25.125744,5,630.9942115142992,0,2,3,2
838,349,@young.com,2024-10-01 07:33:19.028419,4,338.1886517140796,0,2,2,2
839,657,grant89@.walker-chapman.com,2024-07-11 22:47:17.603376,1,136.58005510792202,1,0,0,1
840,379,RDURAN@becker.biz,2023-08-17 08:45:46.681063,4,445.82983601922336,1,3,1,1
841,454,nicholas99@russo.org ,2024-04-28 02:24:08.961503,4,400.65595246668164,1,2,3,1
842,832,jonesgregory@example.com,2024-06-25 22:21:00.893409,5,391.6845863450052,1,3,4,0
843,373,tyronerobertson@.koch-jimenez.com,2024-02-18 06:48:40.280422,1,63.65255204913255,0,0,0,1
844,971,ROBERTCASTRO@wright-espinoza.biz,2024-03-27 16:59:07.927587,5,531.960439001212,1,2,0,5
845,342,erikarush@WALLACE-JONES.COM,2023-11-04 14:45:19.329365,2,151.63913790763246,1,1,1,1
846,965, ramosmichael@.COM,2023-02-19 18:23:06.788056,3,264.6704833879751,0,1,3,0
847,123,lanesarah@example.net,2024-08-08 02:16:53.666537,3,291.3299502840631,0,0,1,2
848,270,zwarren@example.com,2024-02-16 06:23:46.228703,5,255.23622701606504,2,1,3,2
849,690, teresastokes@williams.biz ,2024-04-25 07:20:10.556416,2,139.40296361391756,0,1,1,0
850,199,NICHOLAS23@jenkins.com,2023-10-06 23:06:44.982915,4,289.61163012240786,0,2,3,1
851,284, toni18@.COM,2024-11-01 10:30:36.289121,3,140.75468193062227,1,1,1,2
852,242,hvang@.chavez-jacobs.com,2023-10-11 23:44:11.713562,3,269.55808466412134,2,0,2,0
853,158,mhayes@example.com,2024-01-10 14:08:18.453420,1,183.02134267466738,0,0,1,0
854,248, schmittcaroline@garcia-romero.com ,2023-05-23 01:38:45.561089,6,587.6653284803881,3,0,1,3
855,499,@juarez-garcia.com,2024-01-25 16:22:21.389011,7,509.14467102786176,0,3,6,1
856,902,thomasburke,2024-05-19 17:19:31.928321,6,635.4528801901265,3,2,3,2
857,135, tonykelly@peterson-beard.com ,2024-07-23 00:32:27.466643,4,453.21938176121,0,1,2,1
858,522,tammy61@example.org,2023-01-15 03:31:26.806208,1,71.35887382097796,0,0,1,0
859,506,wardsheryl@example.net,2024-01-01 15:49:03.049639,2,155.19531819582645,1,0,2,0
860,909,kimberly56,2024-09-24 21:44:43.746444,8,751.1056554628915,1,0,5,2
861,337,yhill@example.org,2023-05-28 01:36:15.836517,5,565.6941916038329,0,1,2,3
862,566,martinezmia@example.com,2024-02-27 23:38:30.821622,5,446.3949017751203,3,2,1,3
863,466,iwhite@example.net,2024-05-26 00:45:02.372353,1,81.48872040668228,0,0,0,1
864,42,wrightjames@example.com,2024-02-18 12:24:09.669509,3,415.61868662275003,0,1,2,1
865,201,tyleraguilar@example.org,2024-09-20 19:43:02.999371,8,943.9305232703399,2,3,4,2
866,892,lanedavid@example.org,2023-10-11 07:57:03.787211,3,244.22665252081606,2,1,1,1
867,778,PPOWELL@stevens.info,2023-01-18 08:50:50.756037,4,344.02365629905177,0,1,2,1
868,803,johnsondustin,2023-10-01 23:00:29.413598,4,219.98172851528008,2,2,3,1
869,79,sheila14@example.org,2024-12-31 03:19:08.697413,3,397.3776093113044,0,1,2,1
870,765,daviskatherine@.smith.com,2023-10-12 14:52:51.788993,3,410.10887935576557,0,2,1,2
871,131,christina87@example.com,2024-06-23 17:18:50.933725,3,185.0288276314799,1,0,2,0
872,276, kmaldonado@reid.com ,2023-10-13 02:08:15.483359,7,704.3423930146864,0,2,3,2
873,962,amy28,2024-07-27 13:18:51.634277,7,675.4612512125639,1,2,3,4
874,149,kingmichelle@example.org,2024-02-05 07:15:16.860895,3,186.3182648996693,0,1,2,1
875,820,@moore.com,2024-07-01 16:21:02.578773,5,520.3704604983062,0,3,1,4
876,365,jimenezcourtney@example.com,2024-01-22 05:14:08.840775,1,149.6464884647764,1,0,1,0
877,999,qphillips@example.net,2024-07-30 08:28:44.816151,4,469.23317632907754,1,1,2,2
878,529,bradley10@example.com,2023-01-11 08:57:22.260035,6,853.5274827377609,2,3,2,2
879,294,coxhenry@example.org,2024-01-24 12:34:19.716442,7,716.1639803116057,2,3,4,3
880,905,jennifer90@example.org,2024-04-16 12:28:48.322381,5,422.8725914302162,1,0,2,2
881,357, guerraapril@.COM,2023-10-11 18:00:11.449250,4,358.38463115971916,1,2,2,1
882,573,mcneilrobert@example.org,2023-01-29 23:57:23.515185,8,728.9675154212848,1,5,0,6
883,722,rioswhitney@example.com,2023-10-10 16:21:06.632212,5,360.99027961956153,2,1,2,3
884,118, cookemichael@jones.com ,2023-03-15 00:42:08.298901,7,485.690690241516,1,3,7,0
885,571,rubendavis@example.org,2024-06-05 01:51:14.559304,8,915.1178092168702,2,2,3,2
886,124,tsanders,2023-05-13 04:42:33.515391,6,358.25610788543776,1,1,2,2
887,281, gilbertwilliam@carpenter-best.com ,2023-07-01 11:21:22.136371,4,388.291329009889,0,2,2,2
888,30,wcabrera@example.net,2024-06-02 04:33:59.863863,5,613.1595919736284,3,1,3,2
889,942, kristen44@garrison.com ,2024-09-23 12:10:30.984441,5,619.642942010074,0,2,3,1
890,99,stephanie79@example.net,2023-08-15 09:12:31.773896,3,355.30145379393764,0,1,1,1
891,985, thomasmaldonado@mayer-moore.com ,2024-10-22 18:41:26.806392,3,246.80500034665437,0,1,1,2
892,313,BENJAMINLOWERY@horton-taylor.info,2024-11-18 23:50:50.618645,9,1027.9734521745681,1,2,6,3
893,302,mmckee@example.com,2024-02-18 00:29:18.298200,5,365.477413625318,1,2,1,4
894,184,jessica99@example.net,2024-05-11 14:13:17.405718,6,459.7671830958417,1,2,4,1
895,652, riverachristina@peterson.com ,2024-08-26 00:27:58.455566,3,232.08388150333576,0,1,0,1
896,815,sydneymoss@BENNETT.COM,2023-12-12 12:30:22.875809,3,327.42063441825223,0,0,1,1
897,901,paulfields@example.org,2024-12-09 10:37:41.676525,5,416.4148404399916,0,3,2,2
898,915,prattsue@example.net,2024-07-24 15:58:41.956299,7,745.7964324563693,1,2,3,1
899,66,joycearnold@example.com,2023-09-25 09:06:27.868951,3,325.5382091908958,0,2,1,1
900,557,rsellers@example.net,2024-08-12 22:32:07.882967,5,669.1874899682831,1,3,3,2
901,682,ylopez@example.com,2023-05-11 15:52:35.515438,3,290.3746245675917,0,0,0,1
902,700, brandonalvarez@.COM,2024-08-23 10:38:43.051032,5,542.0852199071713,2,3,1,3
903,405,mwoods@example.com,2024-08-10 17:04:47.900607,5,518.2241856508292,0,3,4,1
904,605,john54@example.org,2024-11-17 22:45:23.856413,6,583.9062515075916,0,3,3,2
905,802, natalie60@.COM,2024-02-09 20:35:25.980847,4,410.14276757121206,1,2,3,1
906,282,kstout@example.net,2023-04-28 11:23:26.464659,3,286.99125512834587,1,0,2,0
907,46,ntucker,2024-06-07 09:23:12.852116,2,229.38830031823537,1,0,1,0
908,275,wwebster@example.net,2023-03-12 00:38:45.355834,3,223.7911949852836,1,1,3,0
909,67,@smith.com,2023-12-07 23:32:06.266052,1,96.92089063836046,1,0,1,0
910,873,@campbell.org,2023-04-29 11:57:17.549310,3,254.24208997925788,1,1,3,0
911,311,@brooks.com,2023-11-03 07:20:03.646682,4,459.7797771603759,3,1,2,0
912,535,raylauren@LOPEZ.COM,2023-05-15 04:30:38.542894,2,330.13925892233874,0,1,0,1
913,894,jcox@example.com,2023-12-19 13:44:33.217045,2,254.10343725922706,0,1,2,0
914,632,osbornjames@example.net,2024-06-04 09:51:24.279283,5,455.9476273269432,2,2,3,2
915,681,@burns-guerrero.com,2023-12-09 19:44:01.089742,7,941.5700519725585,3,2,5,2
916,628,tanyafoster@.byrd.com,2023-06-06 19:04:52.661536,6,621.2422857249877,5,1,2,3
917,616, christopher38@haynes-watson.com ,2024-10-19 13:57:31.227985,5,550.6575016524915,1,2,2,1
918,964,regina78@example.org,2023-09-06 21:24:32.423383,3,337.6009326378867,0,0,3,0
919,996,ihansen@example.net,2023-12-31 07:49:20.974411,4,459.472620051421,0,2,1,3
920,174,@sandoval.info,2024-04-27 08:22:20.590555,2,159.19454356144075,0,0,1,1
921,215, alyssa42@sloan-raymond.com ,2023-06-04 18:24:47.978340,5,456.6741232486239,3,0,3,1
922,410, hebertmatthew@hays-daniels.info ,2023-09-29 00:24:54.429162,3,297.8170623406438,1,0,2,0
923,562,melissa86@DONALDSON.INFO,2023-01-29 15:58:43.656762,2,290.3179962821106,0,2,0,2
924,172,manuel12@JENKINS-SIMPSON.BIZ,2024-02-19 10:46:40.626585,3,292.16247274608804,1,2,2,0
925,864,ashleyknight@example.org,2023-07-16 17:37:14.891575,7,566.9235143828978,1,2,4,1
926,716,@york-stevens.com,2023-05-15 14:03:49.955018,2,303.3523207760328,1,0,0,2
927,551,kennethkidd@example.com,2023-08-13 13:25:00.171898,6,539.4999902605223,0,3,3,1
928,252,lynchdiane@example.net,2023-01-22 14:11:28.205834,3,145.1356756777671,0,0,3,0
929,399, keith98@huang-foster.com ,2024-06-10 11:01:47.701947,2,239.68337903845529,1,0,0,1
930,144,tina34@example.org,2023-01-15 05:55:40.482721,4,320.71413323693855,0,1,2,2
931,153, chayes@.COM,2023-02-12 19:09:17.875538,4,677.2157272466638,2,0,2,2
932,420,robert87@.pham.org,2024-02-23 23:23:33.906790,7,315.7768253768762,0,6,1,4
933,785,xmoran,2023-11-06 16:02:39.326955,7,552.9302816671594,1,3,4,2
934,851,mcculloughlouis@example.com,2024-01-11 05:20:02.888074,5,567.589007162626,2,2,4,0
935,705,jenna62@SUAREZ.COM,2024-02-08 15:50:59.006167,1,94.08291880630891,0,0,0,1
936,670,andrew41@example.org,2024-04-01 13:23:54.149171,5,444.4938688024262,2,2,4,1
937,949,daustin@FRYE.COM,2024-05-29 01:19:53.129451,3,191.46867613724066,1,2,3,0
938,927,charlesnathan@example.com,2023-03-19 06:16:24.920613,3,213.29219031728132,1,1,1,2
939,745,ryan25@example.com,2023-09-15 08:56:52.860821,3,391.8681504615051,1,2,1,2
940,947,barbarasantos@.thompson.net,2024-12-13 09:20:50.256037,8,873.9971197825874,1,6,5,0
941,475,jamesfox@example.com,2023-10-03 03:02:53.114777,1,24.976614360849112,0,1,1,0
942,18,ithomas@mcgee.com ,2024-01-24 01:57:59.580757,2,189.18499271587507,0,1,1,1
943,934,nguyenchloe@example.com,2023-03-15 01:20:10.563563,5,567.5099653822675,1,3,2,3
944,755,@hunt.com,2024-06-03 16:19:57.838112,3,383.4006272896262,0,0,1,1
945,138, fmcguire@walker-holt.com ,2023-11-07 03:43:28.446703,3,359.57283822376684,0,0,2,1
946,74,kimberly63@example.com,2023-05-02 10:32:22.320462,1,112.80399393330104,0,1,0,0
947,917,bmosley,2024-06-26 07:05:48.729311,8,940.9400246408093,1,2,3,4
948,104,taylorjesse@example.net,2024-08-29 07:19:19.281048,7,541.3556635962522,0,3,4,3
949,468,gutierrezmegan@example.org,2024-08-04 00:09:51.876281,5,542.696935607133,1,3,3,2
950,483,rachelschwartz@example.net,2023-07-26 08:26:24.014242,5,409.1343883945475,2,2,4,1
951,656,fconner@example.net,2024-12-18 03:35:21.631940,3,204.74298545335648,1,0,2,1
952,932,@wolfe.com,2023-05-27 22:26:36.601716,3,520.1648538602278,0,0,1,2
953,643,anthonycochran@example.com,2023-02-15 04:39:33.949998,1,111.88805822974464,0,1,0,0
954,180,scantu@example.net,2024-07-27 07:27:28.484776,3,222.34233739714057,2,1,3,0
955,841,spencerangela,2024-02-22 16:05:37.095566,4,446.18528350969785,0,1,3,0
956,584,pcruz@example.com,2024-11-04 01:56:49.396157,4,418.1647312145214,0,1,2,2
957,991,nathandavis@example.org,2024-06-01 06:29:51.221919,4,293.9943194239456,0,2,1,1
958,878,sandra86@example.net,2023-11-24 10:34:41.201951,3,301.78132346760447,2,0,3,0
959,134,frogers@example.com,2023-02-16 17:52:33.317485,5,644.4038120065572,2,0,2,3
960,788,lydianewton@RODRIGUEZ-CARR.COM,2024-03-23 10:02:02.125563,3,415.2314445707575,0,3,0,1
961,407,robertmonroe@example.org,2023-04-07 03:23:01.470005,4,387.60668370762016,2,0,2,0
962,521, rodriguezjohn@kelly.biz ,2024-04-16 13:52:19.048146,2,303.6010815447306,0,1,1,1
963,701,PENNY05@collins-cameron.com,2024-03-13 14:04:18.110083,4,520.553475617445,0,0,2,1
964,963,brittanybryant@FIELDS.NET,2023-10-13 12:30:51.122326,7,691.7647518183455,2,3,4,3
965,954, lgutierrez@martinez.com ,2024-11-10 21:43:06.714606,5,484.9828054189676,2,2,3,2
966,393,vbarr,2024-05-29 09:24:17.399810,4,384.43360624960775,2,1,3,0
967,187,xhall@example.com,2023-08-29 04:29:48.683228,8,803.9070438566004,2,2,4,3
968,315, jason28@lynch.com ,2024-11-18 14:45:26.663647,4,507.0680101122728,1,1,2,1
969,208,khill@example.net,2023-01-16 22:13:52.783875,3,369.3438755656647,1,1,2,1
970,36,briannasmith@example.net,2023-06-08 08:57:42.819036,2,163.16107639558348,0,1,1,1
971,517,ttaylor@example.org,2025-01-05 15:13:35.510445,4,493.7198543568279,2,1,1,2
972,401,jamesryan@.horton.org,2023-12-05 00:45:12.894721,9,767.0468732487534,5,1,2,5
973,89,yleon@example.net,2024-11-13 10:13:44.866938,3,222.66338943019332,0,1,2,1
974,422,starkdaniel@example.net,2023-04-26 12:46:01.256517,3,256.2789405319849,1,2,1,1
